fpr,tpr
0.0,0.0
0.0,0.0006944444444444445
4.955401387512388e-05,0.0006944444444444445
4.955401387512388e-05,0.004166666666666667
6.607201850016519e-05,0.004166666666666667
6.607201850016519e-05,0.01875
8.259002312520647e-05,0.01875
8.259002312520647e-05,0.025694444444444443
9.910802775024777e-05,0.025694444444444443
9.910802775024777e-05,0.027777777777777776
0.00011562603237528906,0.027777777777777776
0.00011562603237528906,0.03333333333333333
0.00013214403700033037,0.03333333333333333
0.00013214403700033037,0.044444444444444446
0.00013214403700033037,0.04583333333333333
0.00013214403700033037,0.049305555555555554
0.00014866204162537167,0.049305555555555554
0.00014866204162537167,0.05694444444444444
0.00016518004625041294,0.05694444444444444
0.00016518004625041294,0.058333333333333334
0.00018169805087545423,0.058333333333333334
0.00018169805087545423,0.059722222222222225
0.00019821605550049553,0.059722222222222225
0.00019821605550049553,0.06111111111111111
0.00021473406012553683,0.06111111111111111
0.00021473406012553683,0.06388888888888888
0.00021473406012553683,0.06527777777777778
0.00021473406012553683,0.06805555555555555
0.00023125206475057812,0.06805555555555555
0.00023125206475057812,0.07222222222222222
0.0002477700693756194,0.07222222222222222
0.0002477700693756194,0.08263888888888889
0.0002477700693756194,0.08402777777777778
0.00026428807400066074,0.08402777777777778
0.00026428807400066074,0.09166666666666666
0.000280806078625702,0.09166666666666666
0.000280806078625702,0.09236111111111112
0.00029732408325074334,0.09236111111111112
0.00029732408325074334,0.1
0.0003303600925008259,0.1
0.0003303600925008259,0.12708333333333333
0.00036339610175090847,0.12708333333333333
0.00036339610175090847,0.13541666666666666
0.0003799141063759498,0.13541666666666666
0.0003799141063759498,0.14166666666666666
0.00039643211100099106,0.14166666666666666
0.00039643211100099106,0.1451388888888889
0.00042946812025107365,0.1451388888888889
0.00042946812025107365,0.15
0.000445986124876115,0.15
0.000445986124876115,0.15069444444444444
0.00046250412950115625,0.15069444444444444
0.00046250412950115625,0.15555555555555556
0.00047902213412619757,0.15555555555555556
0.00047902213412619757,0.18333333333333332
0.0004955401387512388,0.18333333333333332
0.0004955401387512388,0.1840277777777778
0.0005120581433762802,0.1840277777777778
0.0005120581433762802,0.18541666666666667
0.0005285761480013215,0.18541666666666667
0.0005285761480013215,0.18888888888888888
0.0005450941526263627,0.18888888888888888
0.0005450941526263627,0.18958333333333333
0.0005781301618764453,0.18958333333333333
0.0005781301618764453,0.19305555555555556
0.0005946481665014867,0.19305555555555556
0.0005946481665014867,0.19444444444444445
0.0006111661711265279,0.19444444444444445
0.0006111661711265279,0.19583333333333333
0.0006276841757515692,0.19583333333333333
0.0006276841757515692,0.19722222222222222
0.0006442021803766105,0.19722222222222222
0.0006442021803766105,0.19791666666666666
0.0006607201850016518,0.19791666666666666
0.0006607201850016518,0.20416666666666666
0.0006772381896266931,0.20416666666666666
0.0006772381896266931,0.20625
0.0006937561942517344,0.20625
0.0006937561942517344,0.20833333333333334
0.0007102741988767757,0.20833333333333334
0.0007102741988767757,0.22013888888888888
0.0007267922035018169,0.22013888888888888
0.0007267922035018169,0.22152777777777777
0.0007433102081268583,0.22152777777777777
0.0007433102081268583,0.22291666666666668
0.0007433102081268583,0.22847222222222222
0.0007598282127518996,0.22847222222222222
0.0007598282127518996,0.23333333333333334
0.0007763462173769409,0.23333333333333334
0.0007763462173769409,0.23472222222222222
0.0007928642220019821,0.23472222222222222
0.0007928642220019821,0.23680555555555555
0.0008093822266270234,0.23680555555555555
0.0008093822266270234,0.23819444444444443
0.0008259002312520648,0.23819444444444443
0.0008259002312520648,0.24513888888888888
0.0008424182358771061,0.24513888888888888
0.0008424182358771061,0.24930555555555556
0.0008589362405021473,0.24930555555555556
0.0008589362405021473,0.2534722222222222
0.0008754542451271886,0.2534722222222222
0.0008754542451271886,0.25555555555555554
0.00089197224975223,0.25555555555555554
0.00089197224975223,0.25763888888888886
0.0009084902543772713,0.25763888888888886
0.0009084902543772713,0.25833333333333336
0.0009250082590023125,0.25833333333333336
0.0009250082590023125,0.25972222222222224
0.0009250082590023125,0.2611111111111111
0.0009580442682523951,0.2611111111111111
0.0009580442682523951,0.2625
0.0009580442682523951,0.27708333333333335
0.0009745622728774364,0.27708333333333335
0.0009745622728774364,0.2777777777777778
0.0009910802775024777,0.2777777777777778
0.0009910802775024777,0.2826388888888889
0.0010241162867525603,0.2826388888888889
0.0010241162867525603,0.2833333333333333
0.0010406342913776017,0.2833333333333333
0.0010406342913776017,0.28402777777777777
0.001057152296002643,0.28402777777777777
0.001057152296002643,0.2875
0.001073670300627684,0.2875
0.001073670300627684,0.29097222222222224
0.0010901883052527254,0.29097222222222224
0.0010901883052527254,0.29305555555555557
0.0011397423191278494,0.29305555555555557
0.0011397423191278494,0.2972222222222222
0.0011397423191278494,0.2986111111111111
0.0011397423191278494,0.3034722222222222
0.001172778328377932,0.3034722222222222
0.001172778328377932,0.30486111111111114
0.0011892963330029733,0.30486111111111114
0.0011892963330029733,0.31319444444444444
0.0012223323422530558,0.31319444444444444
0.0012223323422530558,0.31805555555555554
0.001238850346878097,0.31805555555555554
0.001238850346878097,0.31875
0.001288404360753221,0.31875
0.001288404360753221,0.325
0.0013049223653782624,0.325
0.0013049223653782624,0.32569444444444445
0.0013379583746283448,0.32569444444444445
0.0013379583746283448,0.3277777777777778
0.0013544763792533861,0.3277777777777778
0.0013544763792533861,0.32916666666666666
0.0013709943838784275,0.32916666666666666
0.0013709943838784275,0.3388888888888889
0.0013875123885034688,0.3388888888888889
0.0013875123885034688,0.34375
0.0014205483977535514,0.34375
0.0014205483977535514,0.34652777777777777
0.0014370664023785928,0.34652777777777777
0.0014370664023785928,0.3472222222222222
0.0014535844070036339,0.3472222222222222
0.0014535844070036339,0.34930555555555554
0.0014535844070036339,0.3506944444444444
0.0014535844070036339,0.3541666666666667
0.0014701024116286752,0.3541666666666667
0.0014701024116286752,0.35555555555555557
0.0014866204162537165,0.35555555555555557
0.0014866204162537165,0.35833333333333334
0.0015196564255037992,0.35833333333333334
0.0015196564255037992,0.36527777777777776
0.0015361744301288405,0.36527777777777776
0.0015361744301288405,0.36736111111111114
0.0015526924347538818,0.36736111111111114
0.0015526924347538818,0.3680555555555556
0.001569210439378923,0.3680555555555556
0.001569210439378923,0.3701388888888889
0.0015857284440039642,0.3701388888888889
0.0015857284440039642,0.37430555555555556
0.0015857284440039642,0.37569444444444444
0.0015857284440039642,0.37916666666666665
0.001618764453254047,0.37916666666666665
0.001618764453254047,0.38055555555555554
0.0016352824578790882,0.38055555555555554
0.0016352824578790882,0.38125
0.0016848364717542122,0.38125
0.0016848364717542122,0.3854166666666667
0.0017013544763792533,0.3854166666666667
0.0017013544763792533,0.3875
0.0017178724810042946,0.3875
0.0017178724810042946,0.3888888888888889
0.001734390485629336,0.3888888888888889
0.001734390485629336,0.39444444444444443
0.0017509084902543773,0.39444444444444443
0.0017509084902543773,0.3958333333333333
0.0017674264948794186,0.3958333333333333
0.0017674264948794186,0.39791666666666664
0.00178394449950446,0.39791666666666664
0.00178394449950446,0.3993055555555556
0.0018004625041295012,0.4
0.0018004625041295012,0.40069444444444446
0.0018169805087545426,0.40069444444444446
0.0018169805087545426,0.4048611111111111
0.001850016518004625,0.4048611111111111
0.001850016518004625,0.40625
0.0018665345226296663,0.40625
0.0018665345226296663,0.40694444444444444
0.0018830525272547076,0.40694444444444444
0.0018830525272547076,0.40902777777777777
0.001899570531879749,0.40902777777777777
0.001899570531879749,0.41944444444444445
0.0019160885365047903,0.41944444444444445
0.0019160885365047903,0.4222222222222222
0.0019326065411298316,0.4222222222222222
0.0019326065411298316,0.4236111111111111
0.0019491245457548727,0.4236111111111111
0.0019491245457548727,0.42569444444444443
0.001965642550379914,0.42569444444444443
0.001965642550379914,0.4270833333333333
0.0019821605550049554,0.4270833333333333
0.0019821605550049554,0.4340277777777778
0.002015196564255038,0.4340277777777778
0.002015196564255038,0.43472222222222223
0.0020317145688800793,0.43472222222222223
0.0020317145688800793,0.4354166666666667
0.0020482325735051207,0.4354166666666667
0.0020482325735051207,0.44027777777777777
0.0020812685827552033,0.44027777777777777
0.0020812685827552033,0.44166666666666665
0.0020977865873802446,0.44166666666666665
0.0020977865873802446,0.44375
0.002114304592005286,0.44375
0.002114304592005286,0.44513888888888886
0.0021308225966303273,0.44513888888888886
0.0021308225966303273,0.44722222222222224
0.002147340601255368,0.44722222222222224
0.002147340601255368,0.44930555555555557
0.0021638586058804095,0.44930555555555557
0.0021638586058804095,0.45069444444444445
0.002180376610505451,0.45069444444444445
0.002180376610505451,0.4527777777777778
0.002196894615130492,0.4527777777777778
0.002196894615130492,0.45416666666666666
0.0022134126197555335,0.45416666666666666
0.0022134126197555335,0.4548611111111111
0.0022299306243805748,0.4548611111111111
0.0022299306243805748,0.45902777777777776
0.002246448629005616,0.45902777777777776
0.002246448629005616,0.4597222222222222
0.0022629666336306574,0.4597222222222222
0.0022629666336306574,0.4618055555555556
0.0022794846382556988,0.4618055555555556
0.0022794846382556988,0.46458333333333335
0.00229600264288074,0.46458333333333335
0.00229600264288074,0.4652777777777778
0.0023125206475057814,0.4652777777777778
0.0023125206475057814,0.46597222222222223
0.002345556656755864,0.46597222222222223
0.002345556656755864,0.4708333333333333
0.0023620746613809054,0.4708333333333333
0.0023620746613809054,0.47291666666666665
0.0023785926660059467,0.47291666666666665
0.0023785926660059467,0.4736111111111111
0.0023951106706309876,0.4736111111111111
0.0023951106706309876,0.47430555555555554
0.0024281466798810702,0.47430555555555554
0.0024281466798810702,0.4791666666666667
0.0024446646845061116,0.4791666666666667
0.0024446646845061116,0.4826388888888889
0.002510736703006277,0.4826388888888889
0.002510736703006277,0.48333333333333334
0.002527254707631318,0.48333333333333334
0.002527254707631318,0.48541666666666666
0.0025437727122563595,0.48541666666666666
0.0025437727122563595,0.4875
0.0025933267261314835,0.4875
0.0025933267261314835,0.4888888888888889
0.002609844730756525,0.4888888888888889
0.002609844730756525,0.4909722222222222
0.002626362735381566,0.4909722222222222
0.002626362735381566,0.49236111111111114
0.002642880740006607,0.49236111111111114
0.002642880740006607,0.4930555555555556
0.0026593987446316483,0.4930555555555556
0.0026593987446316483,0.49444444444444446
0.002692434753881731,0.49444444444444446
0.002692434753881731,0.4979166666666667
0.0027254707631318136,0.4979166666666667
0.0027254707631318136,0.49930555555555556
0.002741988767756855,0.49930555555555556
0.002741988767756855,0.5
0.0027585067723818963,0.5
0.0027585067723818963,0.5076388888888889
0.0027750247770069376,0.5076388888888889
0.0027750247770069376,0.5083333333333333
0.0028245787908820616,0.5083333333333333
0.0028245787908820616,0.5138888888888888
0.002857614800132144,0.5138888888888888
0.002857614800132144,0.5152777777777777
0.0028906508093822264,0.5152777777777777
0.0028906508093822264,0.5159722222222223
0.002923686818632309,0.5159722222222223
0.002923686818632309,0.5215277777777778
0.0029567228278823917,0.5215277777777778
0.0029567228278823917,0.5222222222222223
0.0029897588371324744,0.5222222222222223
0.0029897588371324744,0.5263888888888889
0.0030062768417575157,0.5263888888888889
0.0030062768417575157,0.5277777777777778
0.0030062768417575157,0.5326388888888889
0.003022794846382557,0.5326388888888889
0.003022794846382557,0.5333333333333333
0.0030393128510075983,0.5333333333333333
0.0030393128510075983,0.5340277777777778
0.0030558308556326397,0.5340277777777778
0.0030558308556326397,0.5375
0.0030888668648827223,0.5375
0.0030888668648827223,0.5402777777777777
0.0031053848695077636,0.5402777777777777
0.0031053848695077636,0.5409722222222222
0.003121902874132805,0.5409722222222222
0.003121902874132805,0.5423611111111111
0.003138420878757846,0.5423611111111111
0.003138420878757846,0.5444444444444444
0.003154938883382887,0.5444444444444444
0.003154938883382887,0.5451388888888888
0.0031714568880079285,0.5451388888888888
0.0031714568880079285,0.5486111111111112
0.00318797489263297,0.5486111111111112
0.00318797489263297,0.5493055555555556
0.0032210109018830525,0.5493055555555556
0.0032210109018830525,0.5555555555555556
0.003254046911133135,0.5555555555555556
0.003254046911133135,0.5569444444444445
0.0032705649157581764,0.5569444444444445
0.0032705649157581764,0.5590277777777778
0.0032870829203832178,0.5590277777777778
0.0032870829203832178,0.5611111111111111
0.003303600925008259,0.5611111111111111
0.003303600925008259,0.5625
0.0033201189296333004,0.5625
0.0033201189296333004,0.5680555555555555
0.0033861909481334653,0.5680555555555555
0.0033861909481334653,0.56875
0.0034027089527585066,0.56875
0.0034027089527585066,0.5715277777777777
0.0034357449620085892,0.5715277777777777
0.0034357449620085892,0.5729166666666666
0.003468780971258672,0.5729166666666666
0.003468780971258672,0.5743055555555555
0.0035018169805087545,0.5743055555555555
0.0035018169805087545,0.5763888888888888
0.003518334985133796,0.5763888888888888
0.003518334985133796,0.5840277777777778
0.003534852989758837,0.5840277777777778
0.003534852989758837,0.5868055555555556
0.0035513709943838785,0.5868055555555556
0.0035513709943838785,0.5909722222222222
0.00356788899900892,0.5909722222222222
0.00356788899900892,0.5930555555555556
0.003584407003633961,0.5930555555555556
0.003584407003633961,0.5944444444444444
0.003617443012884044,0.5944444444444444
0.003617443012884044,0.5958333333333333
0.003617443012884044,0.5972222222222222
0.00370003303600925,0.5972222222222222
0.00370003303600925,0.6027777777777777
0.0037165510406342913,0.6027777777777777
0.0037165510406342913,0.6034722222222222
0.0037330690452593326,0.6034722222222222
0.0037330690452593326,0.6041666666666666
0.0037661050545094153,0.6041666666666666
0.0037661050545094153,0.6048611111111111
0.0037826230591344566,0.6048611111111111
0.0037826230591344566,0.6055555555555555
0.0038156590683845392,0.6055555555555555
0.0038156590683845392,0.6090277777777777
0.003848695077634622,0.6090277777777777
0.003848695077634622,0.6152777777777778
0.0038982490915097454,0.6152777777777778
0.0038982490915097454,0.6166666666666667
0.003914767096134787,0.6166666666666667
0.003914767096134787,0.6180555555555556
0.00394780310538487,0.6180555555555556
0.00394780310538487,0.61875
0.003997357119259993,0.61875
0.003997357119259993,0.6194444444444445
0.004030393128510076,0.6194444444444445
0.004030393128510076,0.6201388888888889
0.004046911133135117,0.6201388888888889
0.004046911133135117,0.6215277777777778
0.004112983151635282,0.6215277777777778
0.004112983151635282,0.6229166666666667
0.004146019160885365,0.6229166666666667
0.004146019160885365,0.6236111111111111
0.004162537165510407,0.6236111111111111
0.004162537165510407,0.625
0.004195573174760489,0.625
0.004195573174760489,0.6263888888888889
0.004327717211760819,0.6263888888888889
0.004344235216385861,0.6270833333333333
0.004344235216385861,0.6291666666666667
0.004426825239511067,0.6291666666666667
0.004426825239511067,0.6298611111111111
0.004443343244136109,0.6298611111111111
0.004443343244136109,0.63125
0.004492897258011232,0.63125
0.004492897258011232,0.6319444444444444
0.004542451271886356,0.6319444444444444
0.004542451271886356,0.6326388888888889
0.0045589692765113975,0.6326388888888889
0.0045589692765113975,0.6340277777777777
0.004575487281136438,0.6340277777777777
0.004575487281136438,0.6347222222222222
0.00459200528576148,0.6347222222222222
0.00459200528576148,0.6354166666666666
0.004608523290386521,0.6354166666666666
0.004625041295011563,0.6361111111111111
0.004641559299636604,0.6361111111111111
0.004641559299636604,0.6375
0.004707631318136769,0.6375
0.004707631318136769,0.6381944444444444
0.004724149322761811,0.6381944444444444
0.004724149322761811,0.6388888888888888
0.004773703336636934,0.6388888888888888
0.004773703336636934,0.6395833333333333
0.004806739345887017,0.6395833333333333
0.004806739345887017,0.6402777777777777
0.004823257350512058,0.6402777777777777
0.004823257350512058,0.6430555555555556
0.0048562933597621405,0.6430555555555556
0.0048562933597621405,0.64375
0.004922365378262306,0.64375
0.004922365378262306,0.6472222222222223
0.00497191939213743,0.6472222222222223
0.00497191939213743,0.6479166666666667
0.004988437396762471,0.6479166666666667
0.004988437396762471,0.6486111111111111
0.005004955401387513,0.6486111111111111
0.005004955401387513,0.6493055555555556
0.005037991410637595,0.6493055555555556
0.005037991410637595,0.65
0.005054509415262636,0.65
0.005054509415262636,0.6506944444444445
0.00510406342913776,0.6506944444444445
0.00510406342913776,0.6534722222222222
0.005120581433762802,0.6534722222222222
0.005120581433762802,0.6541666666666667
0.0051370994383878425,0.6541666666666667
0.0051370994383878425,0.6548611111111111
0.005170135447637925,0.6548611111111111
0.005170135447637925,0.6555555555555556
0.0052362074661380905,0.6555555555555556
0.0052362074661380905,0.6576388888888889
0.005252725470763132,0.6576388888888889
0.005252725470763132,0.6597222222222222
0.005335315493888338,0.6597222222222222
0.005335315493888338,0.6611111111111111
0.005368351503138421,0.6611111111111111
0.005368351503138421,0.6625
0.005417905517013545,0.6625
0.005417905517013545,0.6638888888888889
0.00548397753551371,0.6638888888888889
0.00548397753551371,0.6645833333333333
0.005500495540138752,0.6645833333333333
0.005500495540138752,0.6652777777777777
0.0055170135447637925,0.6652777777777777
0.0055170135447637925,0.6666666666666666
0.005566567558638916,0.6666666666666666
0.005566567558638916,0.6673611111111111
0.005632639577139081,0.6673611111111111
0.005632639577139081,0.66875
0.005665675586389164,0.66875
0.005665675586389164,0.6701388888888888
0.005698711595639247,0.6701388888888888
0.005698711595639247,0.6708333333333333
0.005764783614139412,0.6708333333333333
0.005764783614139412,0.6715277777777777
0.00586389164188966,0.6715277777777777
0.00586389164188966,0.6729166666666667
0.005880409646514701,0.6729166666666667
0.005880409646514701,0.6743055555555556
0.005946481665014866,0.6743055555555556
0.005946481665014866,0.6756944444444445
0.006045589692765114,0.6756944444444445
0.006045589692765114,0.6763888888888889
0.006078625702015197,0.6763888888888889
0.006078625702015197,0.6784722222222223
0.006177733729765445,0.6784722222222223
0.006177733729765445,0.6791666666666667
0.0061942517343904855,0.6791666666666667
0.0061942517343904855,0.6805555555555556
0.006227287743640568,0.6805555555555556
0.006227287743640568,0.68125
0.00624380574826561,0.68125
0.00624380574826561,0.6819444444444445
0.0062933597621407334,0.6819444444444445
0.0062933597621407334,0.6833333333333333
0.006342913776015857,0.6833333333333333
0.006342913776015857,0.6840277777777778
0.006442021803766105,0.6840277777777778
0.006442021803766105,0.6847222222222222
0.006458539808391147,0.6847222222222222
0.006458539808391147,0.6854166666666667
0.006475057813016188,0.6854166666666667
0.006475057813016188,0.6868055555555556
0.006623719854641559,0.6868055555555556
0.006623719854641559,0.6895833333333333
0.0066732738685166835,0.6895833333333333
0.0066732738685166835,0.6902777777777778
0.00675586389164189,0.6902777777777778
0.00675586389164189,0.6909722222222222
0.0068714899240171785,0.6909722222222222
0.0068714899240171785,0.6916666666666667
0.006937561942517344,0.6916666666666667
0.006937561942517344,0.6923611111111111
0.0069540799471423855,0.6923611111111111
0.0069540799471423855,0.6930555555555555
0.007003633961017509,0.6930555555555555
0.007003633961017509,0.69375
0.007069705979517674,0.69375
0.007069705979517674,0.6944444444444444
0.007119259993392798,0.6944444444444444
0.007119259993392798,0.6958333333333333
0.00713577799801784,0.6958333333333333
0.00713577799801784,0.6965277777777777
0.00726792203501817,0.6965277777777777
0.00726792203501817,0.6972222222222222
0.007284440039643211,0.6972222222222222
0.007284440039643211,0.6986111111111111
0.007317476048893294,0.6986111111111111
0.007317476048893294,0.6993055555555555
0.00751569210439379,0.6993055555555555
0.00751569210439379,0.7006944444444444
0.007581764122893954,0.7006944444444444
0.007581764122893954,0.7013888888888888
0.007647836141394119,0.7013888888888888
0.007647836141394119,0.7020833333333333
0.007664354146019161,0.7020833333333333
0.007664354146019161,0.7034722222222223
0.007680872150644202,0.7034722222222223
0.007680872150644202,0.7041666666666667
0.007746944169144367,0.7041666666666667
0.007746944169144367,0.7055555555555556
0.00789560621076974,0.7055555555555556
0.00789560621076974,0.70625
0.008027750247770069,0.70625
0.008027750247770069,0.7076388888888889
0.00804426825239511,0.7076388888888889
0.00804426825239511,0.7083333333333334
0.008060786257020152,0.7083333333333334
0.008060786257020152,0.7090277777777778
0.008093822266270234,0.7090277777777778
0.008093822266270234,0.7097222222222223
0.008110340270895276,0.7097222222222223
0.008110340270895276,0.7104166666666667
0.008126858275520317,0.7104166666666667
0.008126858275520317,0.7125
0.008225966303270564,0.7125
0.008225966303270564,0.7131944444444445
0.008259002312520648,0.7131944444444445
0.008259002312520648,0.7138888888888889
0.008341592335645853,0.7138888888888889
0.008341592335645853,0.7145833333333333
0.008407664354146019,0.7145833333333333
0.008407664354146019,0.7152777777777778
0.00842418235877106,0.7152777777777778
0.008457218368021144,0.7152777777777778
0.008539808391146349,0.7152777777777778
0.008539808391146349,0.7166666666666667
0.008556326395771391,0.7166666666666667
0.008556326395771391,0.7180555555555556
0.008655434423521638,0.7180555555555556
0.008655434423521638,0.7201388888888889
0.008754542451271887,0.7201388888888889
0.008754542451271887,0.7208333333333333
0.008771060455896929,0.7208333333333333
0.008771060455896929,0.7215277777777778
0.008820614469772052,0.7215277777777778
0.008820614469772052,0.7222222222222222
0.008837132474397092,0.7222222222222222
0.008837132474397092,0.7229166666666667
0.008886686488272217,0.7229166666666667
0.008886686488272217,0.7243055555555555
0.009316154608523291,0.7243055555555555
0.009316154608523291,0.725
0.00956392467789891,0.725
0.00956392467789891,0.7256944444444444
0.00958044268252395,0.7256944444444444
0.00958044268252395,0.7263888888888889
0.009596960687148992,0.7263888888888889
0.009596960687148992,0.7270833333333333
0.009646514701024116,0.7270833333333333
0.009646514701024116,0.7277777777777777
0.009696068714899241,0.7277777777777777
0.009696068714899241,0.7284722222222222
0.009861248761149653,0.7284722222222222
0.009861248761149653,0.7291666666666666
0.009877766765774695,0.7291666666666666
0.009877766765774695,0.7298611111111111
0.009894284770399735,0.7298611111111111
0.009894284770399735,0.7305555555555555
0.01007598282127519,0.7305555555555555
0.01007598282127519,0.73125
0.010307234886025769,0.73125
0.010307234886025769,0.7319444444444444
0.010373306904525934,0.7319444444444444
0.010373306904525934,0.7326388888888888
0.010389824909150974,0.7326388888888888
0.010389824909150974,0.7340277777777777
0.010406342913776016,0.7340277777777777
0.010406342913776016,0.7347222222222223
0.010422860918401057,0.7347222222222223
0.010422860918401057,0.7354166666666667
0.01045589692765114,0.7354166666666667
0.01045589692765114,0.7361111111111112
0.010505450941526264,0.7361111111111112
0.010505450941526264,0.7368055555555556
0.010521968946151304,0.7368055555555556
0.010521968946151304,0.7388888888888889
0.010538486950776346,0.7388888888888889
0.010538486950776346,0.7395833333333334
0.01058804096465147,0.7395833333333334
0.01058804096465147,0.7402777777777778
0.010753221010901884,0.7402777777777778
0.010786257020151966,0.7402777777777778
0.010786257020151966,0.7409722222222223
0.010802775024777007,0.7409722222222223
0.010802775024777007,0.7416666666666667
0.010852329038652131,0.7416666666666667
0.010852329038652131,0.7423611111111111
0.010918401057152296,0.7423611111111111
0.010918401057152296,0.7430555555555556
0.011017509084902543,0.7430555555555556
0.011050545094152627,0.7430555555555556
0.011149653121902874,0.7430555555555556
0.011149653121902874,0.74375
0.01121572514040304,0.74375
0.01121572514040304,0.7444444444444445
0.011281797158903204,0.7444444444444445
0.011281797158903204,0.7451388888888889
0.011529567228278824,0.7451388888888889
0.011529567228278824,0.7458333333333333
0.011612157251404031,0.7458333333333333
0.011612157251404031,0.7465277777777778
0.011661711265279154,0.7465277777777778
0.011661711265279154,0.7472222222222222
0.011678229269904196,0.7472222222222222
0.011678229269904196,0.7493055555555556
0.011711265279154278,0.7493055555555556
0.011711265279154278,0.75
0.011777337297654443,0.75
0.011777337297654443,0.7506944444444444
0.011810373306904525,0.7506944444444444
0.011810373306904525,0.7513888888888889
0.011909481334654774,0.7513888888888889
0.011909481334654774,0.7520833333333333
0.011992071357779981,0.7520833333333333
0.011992071357779981,0.7527777777777778
0.012091179385530228,0.7527777777777778
0.012091179385530228,0.7534722222222222
0.012289395441030724,0.7534722222222222
0.012289395441030724,0.7541666666666667
0.012338949454905847,0.7541666666666667
0.012338949454905847,0.7548611111111111
0.01237198546415593,0.7548611111111111
0.012421539478031055,0.7548611111111111
0.012421539478031055,0.7555555555555555
0.012570201519656425,0.7555555555555555
0.012570201519656425,0.7576388888888889
0.012652791542781632,0.7576388888888889
0.012685827552031714,0.7576388888888889
0.012768417575156921,0.7576388888888889
0.012768417575156921,0.7590277777777777
0.012950115626032375,0.7590277777777777
0.012950115626032375,0.7597222222222222
0.013115295672282788,0.7597222222222222
0.013115295672282788,0.7604166666666666
0.013148331681532871,0.7604166666666666
0.013181367690782953,0.7604166666666666
0.013197885695407995,0.7604166666666666
0.013197885695407995,0.7611111111111111
0.013214403700033036,0.7611111111111111
0.013214403700033036,0.7625
0.013296993723158242,0.7625
0.013330029732408325,0.7625
0.013379583746283449,0.7625
0.013379583746283449,0.7638888888888888
0.013709943838784275,0.7638888888888888
0.013709943838784275,0.7652777777777777
0.01379253386190948,0.7652777777777777
0.01379253386190948,0.7659722222222223
0.013842087875784606,0.7659722222222223
0.013842087875784606,0.7666666666666667
0.013858605880409646,0.7666666666666667
0.013858605880409646,0.76875
0.013974231912784936,0.76875
0.013974231912784936,0.7694444444444445
0.01415592996366039,0.7694444444444445
0.01415592996366039,0.7701388888888889
0.014288074000660721,0.7701388888888889
0.014288074000660721,0.7708333333333334
0.014354146019160885,0.7708333333333334
0.014354146019160885,0.7715277777777778
0.014469772051536175,0.7715277777777778
0.014469772051536175,0.7722222222222223
0.014502808060786257,0.7722222222222223
0.014502808060786257,0.7736111111111111
0.014948794185662372,0.7736111111111111
0.014981830194912454,0.7736111111111111
0.01503138420878758,0.7736111111111111
0.01503138420878758,0.7743055555555556
0.015147010241162868,0.7743055555555556
0.015147010241162868,0.775
0.015163528245787908,0.775
0.015163528245787908,0.7756944444444445
0.015361744301288404,0.7756944444444445
0.015361744301288404,0.7763888888888889
0.015708622398414272,0.7763888888888889
0.015708622398414272,0.7770833333333333
0.015725140403039312,0.7770833333333333
0.015725140403039312,0.7777777777777778
0.01582424843078956,0.7777777777777778
0.01582424843078956,0.7784722222222222
0.015840766435414603,0.7784722222222222
0.015840766435414603,0.7791666666666667
0.01620416253716551,0.7791666666666667
0.01620416253716551,0.7798611111111111
0.016237198546415595,0.7798611111111111
0.016402378592666005,0.7798611111111111
0.016402378592666005,0.7805555555555556
0.016468450611166172,0.7805555555555556
0.016468450611166172,0.78125
0.016551040634291376,0.78125
0.01658407664354146,0.78125
0.016633630657416583,0.78125
0.016633630657416583,0.7819444444444444
0.016650148662041626,0.7819444444444444
0.016650148662041626,0.7826388888888889
0.016749256689791873,0.7826388888888889
0.016749256689791873,0.7833333333333333
0.01684836471754212,0.7833333333333333
0.01684836471754212,0.7840277777777778
0.01686488272216716,0.7840277777777778
0.01686488272216716,0.7847222222222222
0.016881400726792204,0.7847222222222222
0.016881400726792204,0.7854166666666667
0.016897918731417244,0.7854166666666667
0.016897918731417244,0.7861111111111111
0.01696399074991741,0.7861111111111111
0.01696399074991741,0.7868055555555555
0.017013544763792535,0.7868055555555555
0.017013544763792535,0.7881944444444444
0.017145688800792865,0.7881944444444444
0.017145688800792865,0.7888888888888889
0.01749256689791873,0.7888888888888889
0.01749256689791873,0.7895833333333333
0.017525602907168814,0.7895833333333333
0.017525602907168814,0.7902777777777777
0.01772381896266931,0.7902777777777777
0.01772381896266931,0.7916666666666666
0.01775685497191939,0.7916666666666666
0.01775685497191939,0.7923611111111111
0.017888999008919722,0.7923611111111111
0.017888999008919722,0.79375
0.017888999008919722,0.7944444444444444
0.01810373306904526,0.7944444444444444
0.01810373306904526,0.7958333333333333
0.018153287082920383,0.7958333333333333
0.018153287082920383,0.7965277777777777
0.018318467129170797,0.7965277777777777
0.018318467129170797,0.7972222222222223
0.01836802114304592,0.7972222222222223
0.018401057152296004,0.7972222222222223
0.018417575156921044,0.7972222222222223
0.018417575156921044,0.7979166666666667
0.01851668318467129,0.7979166666666667
0.01851668318467129,0.7986111111111112
0.018533201189296335,0.7986111111111112
0.018566237198546415,0.7986111111111112
0.018648827221671622,0.7986111111111112
0.018648827221671622,0.7993055555555556
0.01871489924017179,0.7993055555555556
0.01871489924017179,0.8
0.018847043277172116,0.8
0.018847043277172116,0.8006944444444445
0.018913115295672283,0.8006944444444445
0.018913115295672283,0.8013888888888889
0.018979187314172447,0.8013888888888889
0.018979187314172447,0.8020833333333334
0.01912784935579782,0.8020833333333334
0.01912784935579782,0.8027777777777778
0.019177403369672944,0.8027777777777778
0.019177403369672944,0.8034722222222223
0.019193921374297984,0.8034722222222223
0.019193921374297984,0.8041666666666667
0.019326065411298315,0.8041666666666667
0.019326065411298315,0.8048611111111111
0.019524281466798812,0.8048611111111111
0.019524281466798812,0.8055555555555556
0.019573835480673936,0.8055555555555556
0.019573835480673936,0.8076388888888889
0.019689461513049223,0.8076388888888889
0.019689461513049223,0.8083333333333333
0.019838123554674594,0.8083333333333333
0.019871159563924677,0.8083333333333333
0.02005285761480013,0.8083333333333333
0.02005285761480013,0.8090277777777778
0.020333663693425832,0.8090277777777778
0.020333663693425832,0.8097222222222222
0.020350181698050876,0.8097222222222222
0.020350181698050876,0.8104166666666667
0.020366699702675916,0.8104166666666667
0.020366699702675916,0.8111111111111111
0.020482325735051207,0.8111111111111111
0.020482325735051207,0.8118055555555556
0.020564915758176414,0.8118055555555556
0.020597951767426494,0.8118055555555556
0.020730095804426824,0.8118055555555556
0.020730095804426824,0.8125
0.021076973901552692,0.8125
0.021076973901552692,0.8131944444444444
0.02195242814667988,0.8131944444444444
0.02195242814667988,0.8138888888888889
0.022001982160555007,0.8138888888888889
0.022001982160555007,0.8152777777777778
0.022101090188305254,0.8152777777777778
0.022134126197555334,0.8152777777777778
0.02218368021143046,0.8152777777777778
0.02218368021143046,0.8159722222222222
0.022249752229930624,0.8159722222222222
0.022249752229930624,0.8173611111111111
0.022266270234555664,0.8173611111111111
0.022299306243805748,0.8173611111111111
0.022761810373306903,0.8173611111111111
0.022761810373306903,0.8180555555555555
0.022943508424182357,0.8180555555555555
0.022943508424182357,0.81875
0.023009580442682524,0.81875
0.023009580442682524,0.8194444444444444
0.023290386521308225,0.8194444444444444
0.023290386521308225,0.8201388888888889
0.02332342253055831,0.8201388888888889
0.02332342253055831,0.8208333333333333
0.023389494549058473,0.8208333333333333
0.023389494549058473,0.8215277777777777
0.023406012553683516,0.8215277777777777
0.023406012553683516,0.8222222222222222
0.02373637264618434,0.8222222222222222
0.02373637264618434,0.8229166666666666
0.02375289065080938,0.8229166666666666
0.02375289065080938,0.8236111111111111
0.023769408655434424,0.8236111111111111
0.023802444664684508,0.8236111111111111
0.02385199867855963,0.8236111111111111
0.02385199867855963,0.8243055555555555
0.02395110670630988,0.8243055555555555
0.02395110670630988,0.825
0.024149322761810373,0.825
0.024149322761810373,0.8256944444444444
0.025520317145688802,0.8256944444444444
0.025520317145688802,0.8263888888888888
0.02561942517343905,0.8263888888888888
0.02561942517343905,0.8270833333333333
0.02563594317806409,0.8270833333333333
0.02563594317806409,0.8277777777777777
0.025652461182689133,0.8277777777777777
0.025652461182689133,0.8284722222222223
0.025685497191939213,0.8284722222222223
0.025685497191939213,0.8291666666666667
0.02590023125206475,0.8291666666666667
0.02590023125206475,0.8298611111111112
0.025966303270564917,0.8298611111111112
0.025966303270564917,0.8305555555555556
0.026098447307565244,0.8305555555555556
0.026098447307565244,0.83125
0.02614800132144037,0.83125
0.02614800132144037,0.8319444444444445
0.026428807400066073,0.8319444444444445
0.026428807400066073,0.8326388888888889
0.027386851668318467,0.8326388888888889
0.027386851668318467,0.8333333333333334
0.027469441691443674,0.8333333333333334
0.027469441691443674,0.8340277777777778
0.02758506772381896,0.8340277777777778
0.02758506772381896,0.8347222222222223
0.027882391807069706,0.8347222222222223
0.02791542781631979,0.8347222222222223
0.028278823918070697,0.8347222222222223
0.028278823918070697,0.8354166666666667
0.028774364056821936,0.8354166666666667
0.028774364056821936,0.8361111111111111
0.029022134126197554,0.8361111111111111
0.029055170135447637,0.8361111111111111
0.02907168814007268,0.8361111111111111
0.02907168814007268,0.8368055555555556
0.02922035018169805,0.8368055555555556
0.02922035018169805,0.8375
0.029484638255698713,0.8375
0.029484638255698713,0.8381944444444445
0.029550710274198876,0.8381944444444445
0.029550710274198876,0.8388888888888889
0.029616782292699043,0.8388888888888889
0.029616782292699043,0.8395833333333333
0.029748926329699374,0.8395833333333333
0.029748926329699374,0.8402777777777778
0.030558308556326397,0.8402777777777778
0.030558308556326397,0.8409722222222222
0.03074000660720185,0.8409722222222222
0.03074000660720185,0.8416666666666667
0.030822596630327055,0.8416666666666667
0.030822596630327055,0.8423611111111111
0.031037330690452593,0.8423611111111111
0.031037330690452593,0.8430555555555556
0.031268582755203174,0.8430555555555556
0.031268582755203174,0.84375
0.031450280806078625,0.84375
0.031450280806078625,0.8444444444444444
0.03148331681532871,0.8444444444444444
0.03148331681532871,0.8451388888888889
0.031830194912454576,0.8451388888888889
0.031830194912454576,0.8458333333333333
0.03361413941195904,0.8458333333333333
0.03361413941195904,0.8465277777777778
0.03364717542120912,0.8465277777777778
0.03364717542120912,0.8472222222222222
0.034010571522960026,0.8472222222222222
0.034010571522960026,0.8479166666666667
0.034126197555335316,0.8479166666666667
0.034126197555335316,0.8486111111111111
0.03420878757846052,0.8486111111111111
0.03420878757846052,0.8493055555555555
0.034258341592335644,0.8493055555555555
0.034258341592335644,0.85
0.03455566567558639,0.85
0.03455566567558639,0.8506944444444444
0.034869507763462176,0.8506944444444444
0.034902543772712256,0.8506944444444444
0.035265939874463165,0.8506944444444444
0.035265939874463165,0.8513888888888889
0.03528245787908821,0.8513888888888889
0.03528245787908821,0.8520833333333333
0.03562933597621407,0.8520833333333333
0.03562933597621407,0.8527777777777777
0.036042286091840105,0.8527777777777777
0.036042286091840105,0.8534722222222222
0.036306574165840766,0.8534722222222222
0.036306574165840766,0.8541666666666666
0.03640568219359101,0.8541666666666666
0.03640568219359101,0.8548611111111111
0.036901222332342255,0.8548611111111111
0.036934258341592335,0.8548611111111111
0.03698381235546746,0.8548611111111111
0.03698381235546746,0.8555555555555555
0.037264618434093164,0.8555555555555555
0.037264618434093164,0.85625
0.03772712256359432,0.85625
0.03772712256359432,0.8569444444444444
0.03838784274859597,0.8569444444444444
0.03838784274859597,0.8576388888888888
0.03939544103072349,0.8576388888888888
0.03939544103072349,0.8590277777777777
0.03967624710934919,0.8590277777777777
0.03967624710934919,0.8597222222222223
0.0398414271555996,0.8597222222222223
0.0398414271555996,0.8604166666666667
0.04035348529897589,0.8604166666666667
0.04035348529897589,0.8611111111111112
0.040667327386851665,0.8611111111111112
0.040667327386851665,0.8618055555555556
0.040865543442352166,0.8618055555555556
0.040865543442352166,0.8625
0.040931615460852326,0.8625
0.04096465147010241,0.8625
0.04109679550710274,0.8625
0.041113313511727784,0.8631944444444445
0.041295011562603234,0.8631944444444445
0.04132804757185332,0.8631944444444445
0.04142715559960357,0.8631944444444445
0.04142715559960357,0.8638888888888889
0.041856623719854644,0.8638888888888889
0.041856623719854644,0.8645833333333334
0.042038321770730094,0.8645833333333334
0.042038321770730094,0.8652777777777778
0.042269573835480675,0.8652777777777778
0.042269573835480675,0.8666666666666667
0.04248430789560621,0.8666666666666667
0.04248430789560621,0.8673611111111111
0.0428807400066072,0.8673611111111111
0.0428807400066072,0.8680555555555556
0.043012884043607535,0.8680555555555556
0.043012884043607535,0.86875
0.043194582094482986,0.86875
0.043194582094482986,0.8694444444444445
0.0436405682193591,0.8694444444444445
0.0436405682193591,0.8701388888888889
0.044565576478361416,0.8701388888888889
0.044598612487611496,0.8701388888888889
0.04481334654773703,0.8701388888888889
0.04484638255698711,0.8701388888888889
0.04497852659398745,0.8701388888888889
0.04497852659398745,0.8708333333333333
0.045308886686488276,0.8708333333333333
0.045308886686488276,0.8715277777777778
0.04540799471423852,0.8715277777777778
0.04540799471423852,0.8722222222222222
0.04653121902874133,0.8722222222222222
0.04653121902874133,0.8729166666666667
0.046927651139742316,0.8729166666666667
0.046927651139742316,0.8736111111111111
0.047522299306243805,0.8736111111111111
0.047522299306243805,0.875
0.04861248761149653,0.875
0.04861248761149653,0.8756944444444444
0.048926329699372315,0.8756944444444444
0.048926329699372315,0.8763888888888889
0.04905847373637265,0.8763888888888889
0.04909150974562273,0.8763888888888889
0.049223653782623056,0.8763888888888889
0.049223653782623056,0.8770833333333333
0.05018169805087545,0.8770833333333333
0.05018169805087545,0.8777777777777778
0.05153617443012884,0.8777777777777778
0.05153617443012884,0.8784722222222222
0.05221341261975553,0.8784722222222222
0.05221341261975553,0.8791666666666667
0.05260984473075653,0.8791666666666667
0.05260984473075653,0.8798611111111111
0.05269243475388173,0.8798611111111111
0.05269243475388173,0.8805555555555555
0.053221010901883054,0.8805555555555555
0.053254046911133134,0.8805555555555555
0.05335315493888338,0.8805555555555555
0.05338619094813347,0.8805555555555555
0.053402708952758504,0.8805555555555555
0.053402708952758504,0.88125
0.054228609184010575,0.88125
0.054228609184010575,0.8819444444444444
0.05462504129501156,0.8819444444444444
0.05465807730426164,0.8819444444444444
0.05558308556326396,0.8819444444444444
0.05558308556326396,0.8826388888888889
0.056293359762140734,0.8826388888888889
0.056326395771390814,0.8826388888888889
0.056590683845391475,0.8826388888888889
0.056590683845391475,0.8833333333333333
0.05741658407664354,0.8833333333333333
0.05743310208126858,0.8840277777777777
0.05774694416914437,0.8840277777777777
0.05774694416914437,0.8847222222222222
0.057961678229269904,0.8847222222222222
0.057994714238519984,0.8847222222222222
0.05849025437727123,0.8847222222222222
0.05849025437727123,0.8854166666666666
0.05878757846052197,0.8854166666666666
0.05878757846052197,0.8861111111111111
0.0597621407333994,0.8861111111111111
0.0597621407333994,0.8868055555555555
0.06075322101090188,0.8868055555555555
0.06075322101090188,0.8875
0.061116617112652795,0.8875
0.061149653121902875,0.8875
0.06187644532540469,0.8875
0.06187644532540469,0.8881944444444444
0.0622398414271556,0.8881944444444444
0.0622398414271556,0.8888888888888888
0.0623224314502808,0.8888888888888888
0.0623224314502808,0.8895833333333333
0.06304922365378263,0.8895833333333333
0.06304922365378263,0.8902777777777777
0.06306574165840767,0.8902777777777777
0.06306574165840767,0.8909722222222223
0.06313181367690783,0.8909722222222223
0.06313181367690783,0.8916666666666667
0.06337958374628345,0.8916666666666667
0.06341261975553353,0.8916666666666667
0.06446977205153617,0.8916666666666667
0.06450280806078626,0.8916666666666667
0.06560951437066402,0.8916666666666667
0.06560951437066402,0.8923611111111112
0.06562603237528906,0.8923611111111112
0.06562603237528906,0.89375
0.06704658077304261,0.89375
0.06704658077304261,0.8944444444444445
0.06732738685166832,0.8944444444444445
0.06732738685166832,0.8951388888888889
0.06745953088866864,0.8951388888888889
0.06745953088866864,0.8958333333333334
0.06754212091179386,0.8958333333333334
0.06754212091179386,0.8965277777777778
0.06757515692104393,0.8965277777777778
0.06760819293029402,0.8965277777777778
0.06808721506442021,0.8965277777777778
0.06808721506442021,0.8972222222222223
0.06838453914767097,0.8972222222222223
0.06838453914767097,0.8979166666666667
0.06871489924017178,0.8979166666666667
0.06871489924017178,0.8993055555555556
0.0689626693095474,0.8993055555555556
0.06899570531879749,0.8993055555555556
0.0690782953419227,0.8993055555555556
0.0690782953419227,0.9
0.06937561942517344,0.9
0.06940865543442352,0.9
0.07033366369342584,0.9
0.07033366369342584,0.9006944444444445
0.07046580773042617,0.9006944444444445
0.07046580773042617,0.9013888888888889
0.07056491575817642,0.9013888888888889
0.07059795176742649,0.9013888888888889
0.07094482986455236,0.9013888888888889
0.07094482986455236,0.9020833333333333
0.07157251404030393,0.9020833333333333
0.07157251404030393,0.9027777777777778
0.0722001982160555,0.9027777777777778
0.0722001982160555,0.9048611111111111
0.07390155269243476,0.9048611111111111
0.07390155269243476,0.9055555555555556
0.07408325074331021,0.9055555555555556
0.07408325074331021,0.90625
0.07413280475718534,0.90625
0.07413280475718534,0.9069444444444444
0.07423191278493559,0.9069444444444444
0.07423191278493559,0.9076388888888889
0.07512388503468781,0.9076388888888889
0.0751569210439379,0.9076388888888889
0.07517343904856294,0.9076388888888889
0.07520647505781301,0.9076388888888889
0.07550379914106375,0.9076388888888889
0.07550379914106375,0.9083333333333333
0.07558638916418897,0.9083333333333333
0.07558638916418897,0.9090277777777778
0.0761149653121903,0.9090277777777778
0.0761149653121903,0.9097222222222222
0.0761975553353155,0.9097222222222222
0.0761975553353155,0.9104166666666667
0.0766435414601916,0.9104166666666667
0.0766435414601916,0.9111111111111111
0.07679220350181698,0.9111111111111111
0.07679220350181698,0.9118055555555555
0.07770069375619425,0.9118055555555555
0.07770069375619425,0.9125
0.07920383217707301,0.9125
0.0792368681863231,0.9125
0.07925338619094813,0.9125
0.07928642220019821,0.9125
0.08105384869507763,0.9125
0.08105384869507763,0.9131944444444444
0.08145028080607862,0.9131944444444444
0.08148331681532871,0.9131944444444444
0.08171456888007929,0.9131944444444444
0.08171456888007929,0.9138888888888889
0.08206144697720516,0.9138888888888889
0.08206144697720516,0.9145833333333333
0.0825569871159564,0.9145833333333333
0.0825569871159564,0.9152777777777777
0.0827221671622068,0.9152777777777777
0.0827221671622068,0.9159722222222222
0.08501816980508754,0.9159722222222222
0.08505120581433763,0.9159722222222222
0.08630657416584077,0.9159722222222222
0.08633961017509086,0.9159722222222222
0.08761149653121902,0.9159722222222222
0.08761149653121902,0.9166666666666666
0.0880409646514701,0.9166666666666666
0.08807400066072019,0.9166666666666666
0.08883382887347209,0.9166666666666666
0.08883382887347209,0.9173611111111111
0.08909811694747274,0.9173611111111111
0.08913115295672283,0.9173611111111111
0.0891641889659729,0.9173611111111111
0.0891641889659729,0.9180555555555555
0.09000660720185001,0.9180555555555555
0.09000660720185001,0.91875
0.09043607532210109,0.91875
0.09043607532210109,0.9194444444444444
0.09101420548397754,0.9194444444444444
0.09101420548397754,0.9201388888888888
0.09112983151635283,0.9201388888888888
0.09112983151635283,0.9208333333333333
0.09157581764122893,0.9208333333333333
0.09160885365047902,0.9208333333333333
0.09218698381235546,0.9208333333333333
0.09218698381235546,0.9215277777777777
0.09248430789560622,0.9215277777777777
0.09248430789560622,0.9222222222222223
0.09278163197885696,0.9222222222222223
0.09278163197885696,0.9229166666666667
0.09281466798810703,0.9229166666666667
0.09281466798810703,0.9236111111111112
0.09289725801123225,0.9236111111111112
0.09293029402048232,0.9236111111111112
0.09309547406673274,0.9236111111111112
0.09312851007598281,0.9236111111111112
0.09312851007598281,0.9243055555555556
0.09334324413610835,0.9243055555555556
0.09334324413610835,0.925
0.09342583415923357,0.925
0.09345887016848364,0.925
0.09388833828873472,0.925
0.09388833828873472,0.9256944444444445
0.09421869838123555,0.9256944444444445
0.09421869838123555,0.9263888888888889
0.09522629666336306,0.9263888888888889
0.09522629666336306,0.9270833333333334
0.09588701684836472,0.9270833333333334
0.0959200528576148,0.9270833333333334
0.09605219689461512,0.9270833333333334
0.09605219689461512,0.9277777777777778
0.09631648496861579,0.9277777777777778
0.09633300297324084,0.9284722222222223
0.09745622728774364,0.9284722222222223
0.09745622728774364,0.9291666666666667
0.09765444334324414,0.9291666666666667
0.09765444334324414,0.9298611111111111
0.09793524942186983,0.9298611111111111
0.09793524942186983,0.9305555555555556
0.09854641559299637,0.9305555555555556
0.09857945160224645,0.9305555555555556
0.09942186983812355,0.9305555555555556
0.09945490584737364,0.9305555555555556
0.09981830194912454,0.9305555555555556
0.09985133795837463,0.9305555555555556
0.10099108027750248,0.9305555555555556
0.10099108027750248,0.93125
0.10113974231912785,0.93125
0.10113974231912785,0.9319444444444445
0.10191608853650479,0.9319444444444445
0.10194912454575487,0.9319444444444445
0.10355137099438388,0.9319444444444445
0.10358440700363396,0.9319444444444445
0.1042781631978857,0.9319444444444445
0.1042781631978857,0.9326388888888889
0.1047241493227618,0.9326388888888889
0.10475718533201189,0.9326388888888889
0.10487281136438718,0.9326388888888889
0.10490584737363727,0.9326388888888889
0.10558308556326396,0.9326388888888889
0.10561612157251404,0.9326388888888889
0.10578130161876445,0.9326388888888889
0.10581433762801454,0.9326388888888889
0.10814337628014536,0.9326388888888889
0.10817641228939544,0.9326388888888889
0.10829203832177073,0.9326388888888889
0.10832507433102082,0.9326388888888889
0.11010901883052528,0.9326388888888889
0.11010901883052528,0.9333333333333333
0.11017509084902544,0.9333333333333333
0.11020812685827552,0.9333333333333333
0.11078625702015196,0.9333333333333333
0.11081929302940205,0.9333333333333333
0.11095143706640238,0.9333333333333333
0.11098447307565246,0.9333333333333333
0.11185992732077965,0.9333333333333333
0.11185992732077965,0.9340277777777778
0.11197555335315494,0.9340277777777778
0.11197555335315494,0.9347222222222222
0.11275189957053187,0.9347222222222222
0.11278493557978196,0.9347222222222222
0.11336306574165841,0.9347222222222222
0.11336306574165841,0.9354166666666667
0.11483316815328708,0.9354166666666667
0.11483316815328708,0.9361111111111111
0.11597291047241494,0.9361111111111111
0.11600594648166501,0.9361111111111111
0.11618764453254046,0.9361111111111111
0.11622068054179055,0.9361111111111111
0.11625371655104064,0.9361111111111111
0.11628675256029072,0.9361111111111111
0.11693095474066732,0.9361111111111111
0.11696399074991741,0.9361111111111111
0.11902874132804757,0.9361111111111111
0.11906177733729766,0.9361111111111111
0.12005285761480013,0.9361111111111111
0.12008589362405021,0.9361111111111111
0.12082920383217707,0.9361111111111111
0.12086223984142716,0.9361111111111111
0.12117608192930295,0.9361111111111111
0.12117608192930295,0.9368055555555556
0.12277832837793194,0.9368055555555556
0.12277832837793194,0.9375
0.12282788239180707,0.9375
0.12282788239180707,0.9381944444444444
0.12307565246118268,0.9381944444444444
0.12310868847043277,0.9381944444444444
0.12614800132144036,0.9381944444444444
0.12618103733069044,0.9381944444444444
0.12776676577469442,0.9381944444444444
0.1277998017839445,0.9381944444444444
0.13108688470432772,0.9381944444444444
0.13108688470432772,0.9388888888888889
0.1311199207135778,0.9388888888888889
0.1311199207135778,0.9395833333333333
0.13176412289395442,0.9395833333333333
0.13179715890320448,0.9395833333333333
0.13442352163858606,0.9395833333333333
0.13442352163858606,0.9402777777777778
0.13693425834159234,0.9402777777777778
0.13696729435084243,0.9402777777777778
0.13873472084572183,0.9402777777777778
0.13873472084572183,0.9409722222222222
0.13894945490584737,0.9409722222222222
0.13894945490584737,0.9416666666666667
0.1390320449289726,0.9416666666666667
0.1390320449289726,0.9423611111111111
0.13985794516022465,0.9423611111111111
0.13985794516022465,0.9430555555555555
0.14000660720185001,0.9430555555555555
0.14000660720185001,0.94375
0.1403204492897258,0.94375
0.14035348529897587,0.94375
0.14037000330360092,0.94375
0.14037000330360092,0.9444444444444444
0.14213742979848035,0.9444444444444444
0.14213742979848035,0.9451388888888889
0.1445986124876115,0.9451388888888889
0.1445986124876115,0.9458333333333333
0.14669639907499174,0.9458333333333333
0.14672943508424183,0.9458333333333333
0.1472414932276181,0.9458333333333333
0.1472414932276181,0.9465277777777777
0.14950445986124877,0.9465277777777777
0.14953749587049883,0.9465277777777777
0.1496366038982491,0.9465277777777777
0.14966963990749918,0.9465277777777777
0.15189957053187975,0.9465277777777777
0.15189957053187975,0.9472222222222222
0.15398083911463495,0.9472222222222222
0.15401387512388504,0.9472222222222222
0.1541625371655104,0.9472222222222222
0.1541955731747605,0.9472222222222222
0.1543111992071358,0.9472222222222222
0.1543111992071358,0.9479166666666666
0.15482325735051206,0.9479166666666666
0.15485629335976214,0.9479166666666666
0.15541790551701354,0.9479166666666666
0.15545094152626363,0.9479166666666666
0.15774694416914437,0.9479166666666666
0.15777998017839445,0.9479166666666666
0.1584407003633961,0.9479166666666666
0.1584737363726462,0.9479166666666666
0.15855632639577139,0.9479166666666666
0.15855632639577139,0.9486111111111111
0.15887016848364718,0.9486111111111111
0.15887016848364718,0.9493055555555555
0.15966303270564916,0.9493055555555555
0.15966303270564916,0.95
0.1616451932606541,0.95
0.1616782292699042,0.95
0.16318136769078295,0.95
0.16318136769078295,0.9506944444444444
0.1637099438387843,0.9506944444444444
0.16374297984803435,0.9506944444444444
0.16442021803766105,0.9506944444444444
0.16445325404691113,0.9506944444444444
0.16582424843078955,0.9506944444444444
0.16585728444003964,0.9506944444444444
0.16985464155929964,0.9506944444444444
0.16985464155929964,0.9513888888888888
0.17041625371655103,0.9513888888888888
0.17044928972580112,0.9513888888888888
0.1706475057813016,0.9513888888888888
0.1706475057813016,0.9527777777777777
0.17086223984142715,0.9527777777777777
0.17086223984142715,0.9534722222222223
0.17406673273868517,0.9534722222222223
0.17406673273868517,0.9541666666666667
0.17618103733069046,0.9541666666666667
0.17621407333994055,0.9541666666666667
0.1763627353815659,0.9541666666666667
0.1763627353815659,0.9548611111111112
0.17661050545094154,0.9548611111111112
0.17661050545094154,0.9555555555555556
0.17697390155269244,0.9555555555555556
0.17700693756194252,0.9555555555555556
0.1794020482325735,0.9555555555555556
0.1794020482325735,0.95625
0.1798810703666997,0.95625
0.1799141063759498,0.95625
0.1800792864222002,0.95625
0.1800792864222002,0.9569444444444445
0.180393128510076,0.9569444444444445
0.180393128510076,0.9576388888888889
0.1814337628014536,0.9576388888888889
0.18146679881070366,0.9576388888888889
0.18169805087545424,0.9576388888888889
0.18173108688470432,0.9576388888888889
0.1830029732408325,0.9576388888888889
0.1830029732408325,0.9583333333333334
0.1844400396432111,0.9583333333333334
0.18447307565246118,0.9583333333333334
0.18465477370333663,0.9583333333333334
0.18468780971258672,0.9583333333333334
0.18774364056821935,0.9583333333333334
0.18777667657746944,0.9583333333333334
0.1890815989428477,0.9583333333333334
0.1890815989428477,0.9590277777777778
0.19045259332672612,0.9590277777777778
0.1904856293359762,0.9590277777777778
0.19086554344235215,0.9590277777777778
0.19089857945160224,0.9590277777777778
0.19180706970597952,0.9590277777777778
0.1918401057152296,0.9590277777777778
0.19195573174760489,0.9590277777777778
0.19198876775685497,0.9590277777777778
0.19215394780310538,0.9590277777777778
0.19218698381235547,0.9590277777777778
0.19226957383548068,0.9590277777777778
0.19230260984473074,0.9590277777777778
0.19246778989098118,0.9590277777777778
0.19250082590023126,0.9590277777777778
0.19372315824248432,0.9590277777777778
0.19372315824248432,0.9597222222222223
0.1938387842748596,0.9597222222222223
0.19387182028410968,0.9597222222222223
0.19529236868186323,0.9597222222222223
0.1953254046911133,0.9597222222222223
0.1953584407003634,0.9597222222222223
0.1953914767096135,0.9597222222222223
0.1994383878427486,0.9597222222222223
0.1994383878427486,0.9604166666666667
0.20051205814337628,0.9604166666666667
0.20051205814337628,0.9611111111111111
0.20168483647175423,0.9611111111111111
0.20171787248100428,0.9611111111111111
0.20209778658738026,0.9611111111111111
0.20213082259663032,0.9611111111111111
0.2021638586058804,0.9611111111111111
0.2021638586058804,0.9618055555555556
0.20308886686488273,0.9618055555555556
0.20312190287413281,0.9618055555555556
0.2049223653782623,0.9618055555555556
0.2049223653782623,0.9625
0.20502147340601257,0.9625
0.20502147340601257,0.9631944444444445
0.2068384539147671,0.9631944444444445
0.2068714899240172,0.9631944444444445
0.20873802444664685,0.9631944444444445
0.20873802444664685,0.9638888888888889
0.21010901883052527,0.9638888888888889
0.21010901883052527,0.9645833333333333
0.21053848695077634,0.9645833333333333
0.21053848695077634,0.9652777777777778
0.21171126527915426,0.9652777777777778
0.2117277832837793,0.9659722222222222
0.2127188635612818,0.9659722222222222
0.21275189957053187,0.9659722222222222
0.2137594978526594,0.9659722222222222
0.2137925338619095,0.9659722222222222
0.21413941195903535,0.9659722222222222
0.21417244796828544,0.9659722222222222
0.21442021803766104,0.9659722222222222
0.21442021803766104,0.9666666666666667
0.21521308225966304,0.9666666666666667
0.21524611826891313,0.9666666666666667
0.2153617443012884,0.9666666666666667
0.2153947803105385,0.9666666666666667
0.22210109018830526,0.9666666666666667
0.22210109018830526,0.9673611111111111
0.2223158242484308,0.9673611111111111
0.22234886025768089,0.9673611111111111
0.22253055830855634,0.9673611111111111
0.2225635943178064,0.9673611111111111
0.22555335315493888,0.9673611111111111
0.22558638916418897,0.9673611111111111
0.22885695407994713,0.9673611111111111
0.22888999008919722,0.9673611111111111
0.2301618764453254,0.9673611111111111
0.2301618764453254,0.9680555555555556
0.2391641889659729,0.9680555555555556
0.2391641889659729,0.96875
0.239593657086224,0.96875
0.23962669309547407,0.96875
0.23979187314172448,0.96875
0.23979187314172448,0.9694444444444444
0.2412784935579782,0.9694444444444444
0.2412784935579782,0.9708333333333333
0.24266600594648166,0.9708333333333333
0.24269904195573175,0.9708333333333333
0.2444829864552362,0.9708333333333333
0.2444829864552362,0.9715277777777778
0.24451602246448628,0.9715277777777778
0.24610175090849026,0.9715277777777778
0.24610175090849026,0.9722222222222222
0.2502147340601255,0.9722222222222222
0.2502477700693756,0.9722222222222222
0.25140403039312853,0.9722222222222222
0.2514370664023786,0.9722222222222222
0.2527750247770069,0.9722222222222222
0.252808060786257,0.9722222222222222
0.2535183349851338,0.9722222222222222
0.2535183349851338,0.9729166666666667
0.25378262305913446,0.9729166666666667
0.25381565906838455,0.9729166666666667
0.254013875123885,0.9729166666666667
0.2540469111331351,0.9729166666666667
0.2543607532210109,0.9729166666666667
0.25439378923026096,0.9729166666666667
0.25445986124876113,0.9729166666666667
0.2544928972580112,0.9729166666666667
0.25530227948463824,0.9729166666666667
0.2553353154938883,0.9729166666666667
0.2558473736372646,0.9729166666666667
0.2558804096465147,0.9729166666666667
0.25617773372976543,0.9729166666666667
0.2562107697390155,0.9729166666666667
0.25662371985464155,0.9729166666666667
0.25665675586389164,0.9729166666666667
0.26002642880740007,0.9729166666666667
0.26005946481665015,0.9729166666666667
0.26070366699702674,0.9729166666666667
0.2607367030062768,0.9729166666666667
0.26081929302940204,0.9729166666666667
0.26085232903865213,0.9729166666666667
0.2621242153947803,0.9729166666666667
0.26217376940865544,0.9729166666666667
0.2626032375289065,0.9729166666666667
0.2626032375289065,0.9736111111111111
0.2643045920052858,0.9736111111111111
0.26433762801453586,0.9736111111111111
0.2648496861579121,0.9736111111111111
0.2648827221671622,0.9736111111111111
0.26607201850016515,0.9736111111111111
0.26610505450941524,0.9736111111111111
0.26750908490254377,0.9736111111111111
0.26754212091179386,0.9736111111111111
0.2706805417905517,0.9736111111111111
0.27071357779980176,0.9736111111111111
0.2708457218368021,0.9736111111111111
0.2708787578460522,0.9736111111111111
0.27170465807730426,0.9736111111111111
0.27173769408655435,0.9736111111111111
0.2718037661050545,0.9736111111111111
0.2718698381235547,0.9736111111111111
0.2722332342253056,0.9736111111111111
0.2722662702345557,0.9736111111111111
0.275602907168814,0.9736111111111111
0.2756359431780641,0.9736111111111111
0.27626362735381566,0.9736111111111111
0.27629666336306574,0.9736111111111111
0.27689131152956725,0.9736111111111111
0.2769243475388173,0.9736111111111111
0.2778823918070697,0.9736111111111111
0.2779154278163198,0.9736111111111111
0.27893954410307237,0.9736111111111111
0.27897258011232245,0.9736111111111111
0.2791212421539478,0.9736111111111111
0.2791542781631979,0.9736111111111111
0.27925338619094814,0.9736111111111111
0.2792864222001982,0.9736111111111111
0.27933597621407336,0.9736111111111111
0.27936901222332344,0.9736111111111111
0.28021143045920055,0.9736111111111111
0.28021143045920055,0.9743055555555555
0.2820449289725801,0.9743055555555555
0.2820449289725801,0.975
0.2832837793194582,0.975
0.2833168153287083,0.975
0.2853650479022134,0.975
0.2853980839114635,0.975
0.28648827221671624,0.975
0.2865213082259663,0.975
0.2880409646514701,0.975
0.2880740006607202,0.975
0.2882887347208457,0.975
0.2883217707300958,0.975
0.2885199867855963,0.975
0.2885530227948464,0.975
0.29228609184010573,0.975
0.2923191278493558,0.975
0.29269904195573176,0.975
0.29269904195573176,0.9756944444444444
0.2970928311859927,0.9756944444444444
0.2971258671952428,0.9756944444444444
0.29786917740336966,0.9756944444444444
0.29790221341261974,0.9756944444444444
0.2995209778658738,0.9756944444444444
0.2995209778658738,0.9763888888888889
0.30054509415262637,0.9763888888888889
0.30057813016187646,0.9763888888888889
0.30085893624050214,0.9763888888888889
0.3008919722497522,0.9763888888888889
0.3033531549388834,0.9763888888888889
0.30338619094813346,0.9763888888888889
0.3045754872811364,0.9763888888888889
0.3046085232903865,0.9763888888888889
0.30583085563263956,0.9763888888888889
0.30586389164188965,0.9763888888888889
0.3059134456557648,0.9763888888888889
0.30594648166501487,0.9763888888888889
0.30630987776676577,0.9763888888888889
0.30634291377601586,0.9763888888888889
0.30766435414601917,0.9763888888888889
0.30769739015526926,0.9763888888888889
0.30820944829864555,0.9763888888888889
0.30820944829864555,0.9770833333333333
0.3086223984142716,0.9770833333333333
0.3086554344235216,0.9770833333333333
0.30896927651139744,0.9770833333333333
0.3090023125206475,0.9770833333333333
0.31144697720515363,0.9770833333333333
0.3114800132144037,0.9770833333333333
0.31352824578790883,0.9770833333333333
0.3135612817971589,0.9770833333333333
0.3145358440700363,0.9770833333333333
0.3145688800792864,0.9770833333333333
0.31521308225966305,0.9770833333333333
0.31521308225966305,0.9777777777777777
0.3152791542781632,0.9777777777777777
0.3152791542781632,0.9784722222222222
0.3198050875454245,0.9784722222222222
0.3198050875454245,0.9791666666666666
0.3211100099108028,0.9791666666666666
0.3211430459200529,0.9791666666666666
0.32173769408655434,0.9791666666666666
0.3217707300958044,0.9791666666666666
0.3233564585398084,0.9791666666666666
0.32338949454905846,0.9791666666666666
0.3249587049884374,0.9791666666666666
0.32499174099768746,0.9791666666666666
0.32702345556656753,0.9791666666666666
0.3270564915758176,0.9791666666666666
0.3273868516683185,0.9791666666666666
0.3273868516683185,0.9798611111111111
0.32842748595969606,0.9798611111111111
0.32846052196894615,0.9798611111111111
0.33247439709283116,0.9798611111111111
0.33250743310208125,0.9798611111111111
0.33349851337958375,0.9798611111111111
0.33353154938883384,0.9798611111111111
0.3358110340270895,0.9798611111111111
0.3358440700363396,0.9798611111111111
0.33685166831846713,0.9798611111111111
0.3368847043277172,0.9798611111111111
0.3373472084572184,0.9798611111111111
0.33738024446646847,0.9798611111111111
0.338404360753221,0.9798611111111111
0.338404360753221,0.9805555555555555
0.33911463495209776,0.9805555555555555
0.33914767096134785,0.9805555555555555
0.3402708952758507,0.9805555555555555
0.3402708952758507,0.98125
0.3405682193591014,0.98125
0.3406012553683515,0.98125
0.3422695738354807,0.98125
0.34230260984473077,0.98125
0.3440370003303601,0.98125
0.3440700363396102,0.98125
0.34411959035348527,0.98125
0.34415262636273536,0.98125
0.3463164849686158,0.98125
0.3463164849686158,0.9819444444444444
0.35018169805087546,0.9819444444444444
0.35018169805087546,0.9826388888888888
0.35061116617112653,0.9826388888888888
0.35061116617112653,0.9833333333333333
0.3527089527585068,0.9833333333333333
0.35274198876775686,0.9833333333333333
0.3531219028741328,0.9833333333333333
0.3531549388833829,0.9833333333333333
0.35358440700363397,0.9833333333333333
0.353600925008259,0.9840277777777777
0.35538486950776343,0.9840277777777777
0.3554179055170135,0.9840277777777777
0.3557482656095144,0.9840277777777777
0.3557813016187645,0.9840277777777777
0.3560290716881401,0.9840277777777777
0.35606210769739016,0.9840277777777777
0.35612817971589034,0.9840277777777777
0.3561612157251404,0.9840277777777777
0.35710274198876774,0.9840277777777777
0.3571357779980178,0.9840277777777777
0.35933267261314833,0.9840277777777777
0.35933267261314833,0.9847222222222223
0.3612817971589032,0.9847222222222223
0.36131483316815327,0.9847222222222223
0.36346217376940865,0.9847222222222223
0.36349520977865873,0.9847222222222223
0.36481665014866205,0.9847222222222223
0.36484968615791213,0.9847222222222223
0.36514701024116286,0.9847222222222223
0.36518004625041295,0.9847222222222223
0.3663693425834159,0.9847222222222223
0.366402378592666,0.9847222222222223
0.36641889659729104,0.9847222222222223
0.36645193260654113,0.9847222222222223
0.3665180046250413,0.9847222222222223
0.3665180046250413,0.9854166666666667
0.36661711265279157,0.9854166666666667
0.36665014866204165,0.9854166666666667
0.3676742649487942,0.9854166666666667
0.36770730095804427,0.9854166666666667
0.36937561942517344,0.9854166666666667
0.3694086554344235,0.9854166666666667
0.37221671622068053,0.9854166666666667
0.3722497522299306,0.9854166666666667
0.3724644862900562,0.9854166666666667
0.3724975222993062,0.9854166666666667
0.37418235877106043,0.9854166666666667
0.3742153947803105,0.9854166666666667
0.37561942517343905,0.9854166666666667
0.37565246118268913,0.9854166666666667
0.37609844730756525,0.9854166666666667
0.37613148331681534,0.9854166666666667
0.37649487941856624,0.9854166666666667
0.37652791542781633,0.9854166666666667
0.37745292368681865,0.9854166666666667
0.37748595969606874,0.9854166666666667
0.3780806078625702,0.9854166666666667
0.3781136438718203,0.9854166666666667
0.38047571853320117,0.9854166666666667
0.38050875454245126,0.9854166666666667
0.3807565246118269,0.9854166666666667
0.380789560621077,0.9854166666666667
0.381202510736703,0.9854166666666667
0.3812355467459531,0.9854166666666667
0.3843244136108358,0.9854166666666667
0.3843574496200859,0.9854166666666667
0.3847538817310869,0.9854166666666667
0.38478691774033696,0.9854166666666667
0.3851337958374628,0.9854166666666667
0.3851668318467129,0.9854166666666667
0.38554674595308885,0.9854166666666667
0.38557978196233894,0.9854166666666667
0.38587710604558967,0.9854166666666667
0.38591014205483976,0.9854166666666667
0.38762801453584406,0.9854166666666667
0.38762801453584406,0.9861111111111112
0.3898414271555996,0.9861111111111112
0.3898744631648497,0.9861111111111112
0.3911463495209779,0.9861111111111112
0.39117938553022796,0.9861111111111112
0.39294681202510734,0.9861111111111112
0.3929798480343574,0.9861111111111112
0.3948298645523621,0.9861111111111112
0.3948298645523621,0.9868055555555556
0.3953914767096135,0.9868055555555556
0.3954245127188636,0.9868055555555556
0.39598612487611495,0.9868055555555556
0.39601916088536504,0.9868055555555556
0.39621737694086556,0.9868055555555556
0.39625041295011565,0.9868055555555556
0.39643211100099107,0.9868055555555556
0.39646514701024116,0.9868055555555556
0.3965147010241163,0.9868055555555556
0.3965477370333664,0.9868055555555556
0.3966633630657417,0.9868055555555556
0.3966633630657417,0.9875
0.39793524942186986,0.9875
0.39793524942186986,0.9881944444444445
0.3988437396762471,0.9881944444444445
0.3988767756854972,0.9881944444444445
0.39990089197224976,0.9881944444444445
0.39993392798149985,0.9881944444444445
0.40069375619425174,0.9881944444444445
0.4007267922035018,0.9881944444444445
0.4017343904856293,0.9881944444444445
0.4017674264948794,0.9881944444444445
0.4020317145688801,0.9881944444444445
0.4020647505781302,0.9881944444444445
0.40282457879088207,0.9881944444444445
0.40282457879088207,0.9888888888888889
0.4049223653782623,0.9888888888888889
0.4049554013875124,0.9888888888888889
0.4066732738685167,0.9888888888888889
0.4067063098777668,0.9888888888888889
0.40763131813676906,0.9888888888888889
0.40766435414601915,0.9888888888888889
0.4077139081598943,0.9888888888888889
0.40774694416914437,0.9888888888888889
0.40898579451602246,0.9888888888888889
0.40901883052527255,0.9888888888888889
0.40913445655764785,0.9888888888888889
0.40916749256689794,0.9888888888888889
0.41050545094152624,0.9888888888888889
0.4105384869507763,0.9888888888888889
0.4105715229600264,0.9888888888888889
0.4106045589692765,0.9888888888888889
0.41098447307565245,0.9888888888888889
0.41101750908490253,0.9888888888888889
0.41129831516352827,0.9888888888888889
0.41129831516352827,0.9895833333333334
0.41380905186653455,0.9895833333333334
0.4138420878757846,0.9895833333333334
0.4180376610505451,0.9895833333333334
0.41807069705979516,0.9895833333333334
0.41858275520317145,0.9895833333333334
0.41861579121242154,0.9895833333333334
0.4203501816980509,0.9895833333333334
0.42038321770730097,0.9895833333333334
0.4222167162206805,0.9895833333333334
0.4222497522299306,0.9895833333333334
0.425999339279815,0.9895833333333334
0.42603237528906507,0.9895833333333334
0.4271060455896928,0.9895833333333334
0.42713908159894287,0.9895833333333334
0.42801453584407,0.9895833333333334
0.42801453584407,0.9902777777777778
0.4301288404360753,0.9902777777777778
0.4301618764453254,0.9902777777777778
0.4302775024777007,0.9902777777777778
0.4303105384869508,0.9902777777777778
0.43234225305583085,0.9902777777777778
0.43237528906508094,0.9902777777777778
0.4329864552362075,0.9902777777777778
0.4329864552362075,0.9909722222222223
0.43325074331020813,0.9909722222222223
0.4332837793194582,0.9909722222222223
0.4353485298975884,0.9909722222222223
0.43538156590683846,0.9909722222222223
0.43600925008259,0.9909722222222223
0.4360422860918401,0.9909722222222223
0.43676907829534195,0.9909722222222223
0.436802114304592,0.9909722222222223
0.43891641889659727,0.9909722222222223
0.43894945490584736,0.9909722222222223
0.43901552692434753,0.9909722222222223
0.4390485629335976,0.9909722222222223
0.4396266930954741,0.9909722222222223
0.4396597291047242,0.9909722222222223
0.44041955731747606,0.9909722222222223
0.44045259332672615,0.9909722222222223
0.4405682193591014,0.9909722222222223
0.4406012553683515,0.9909722222222223
0.4407168814007268,0.9909722222222223
0.4407499174099769,0.9909722222222223
0.4419226957383548,0.9909722222222223
0.4419557317476049,0.9909722222222223
0.4420383217707301,0.9909722222222223
0.4420713577799802,0.9909722222222223
0.44402048232573504,0.9909722222222223
0.44405351833498513,0.9909722222222223
0.4445160224644863,0.9909722222222223
0.4445490584737364,0.9909722222222223
0.4451602246448629,0.9909722222222223
0.44519326065411297,0.9909722222222223
0.44555665675586387,0.9909722222222223
0.44555665675586387,0.9916666666666667
0.44585398083911465,0.9916666666666667
0.44588701684836474,0.9916666666666667
0.45350181698050873,0.9916666666666667
0.4535348529897588,0.9916666666666667
0.4569210439378923,0.9916666666666667
0.4569540799471424,0.9916666666666667
0.45756524611826893,0.9916666666666667
0.45756524611826893,0.9923611111111111
0.45853980839114633,0.9923611111111111
0.4585728444003964,0.9923611111111111
0.4617443012884044,0.9923611111111111
0.46177733729765447,0.9923611111111111
0.4630327056491576,0.9923611111111111
0.46306574165840764,0.9923611111111111
0.46326395771390816,0.9923611111111111
0.46329699372315825,0.9923611111111111
0.4649487941856624,0.9923611111111111
0.46498183019491246,0.9923611111111111
0.46774033696729433,0.9923611111111111
0.4677733729765444,0.9923611111111111
0.4715725140403039,0.9923611111111111
0.471605550049554,0.9923611111111111
0.47264618434093164,0.9923611111111111
0.47264618434093164,0.9930555555555556
0.47590023125206476,0.9930555555555556
0.47593326726131485,0.9930555555555556
0.477998017839445,0.9930555555555556
0.4780310538486951,0.9930555555555556
0.4781962338949455,0.9930555555555556
0.47822926990419556,0.9930555555555556
0.48133465477370335,0.9930555555555556
0.48136769078295344,0.9930555555555556
0.48146679881070364,0.9930555555555556
0.48149983481995373,0.9930555555555556
0.4882391807069706,0.9930555555555556
0.4882722167162207,0.9930555555555556
0.49352494218698384,0.9930555555555556
0.49355797819623387,0.9930555555555556
0.4971589032044929,0.9930555555555556
0.497191939213743,0.9930555555555556
0.4974066732738685,0.9930555555555556
0.4974397092831186,0.9930555555555556
0.4982160555004955,0.9930555555555556
0.4982490915097456,0.9930555555555556
0.49917409976874794,0.9930555555555556
0.499207135777998,0.9930555555555556
0.5004790221341262,0.9930555555555556
0.5005120581433763,0.9930555555555556
0.5039643211100099,0.9930555555555556
0.50399735711926,0.9930555555555556
0.5058804096465147,0.9930555555555556
0.5059134456557648,0.9930555555555556
0.5066732738685167,0.9930555555555556
0.5067063098777668,0.9930555555555556
0.5113974231912785,0.9930555555555556
0.5114304592005285,0.9930555555555556
0.5128675256029072,0.9930555555555556
0.5129005616121572,0.9930555555555556
0.5142054839775355,0.9930555555555556
0.5142385199867856,0.9930555555555556
0.5149157581764123,0.9930555555555556
0.5149487941856624,0.9930555555555556
0.5165840766435414,0.9930555555555556
0.5166171126527915,0.9930555555555556
0.516782292699042,0.9930555555555556
0.516815328708292,0.9930555555555556
0.5203666997026759,0.9930555555555556
0.520399735711926,0.9930555555555556
0.5219359101420549,0.9930555555555556
0.521968946151305,0.9930555555555556
0.5229269904195574,0.9930555555555556
0.5229600264288073,0.9930555555555556
0.5236537826230592,0.9930555555555556
0.5236868186323093,0.9930555555555556
0.5240832507433102,0.9930555555555556
0.5241162867525603,0.9930555555555556
0.5269573835480674,0.9930555555555556
0.5269904195573175,0.9930555555555556
0.5279814998348199,0.9930555555555556
0.52801453584407,0.9930555555555556
0.5309051866534522,0.9930555555555556
0.5309382226627023,0.9930555555555556
0.5314007267922035,0.9930555555555556
0.5314337628014536,0.9930555555555556
0.5323422530558308,0.9930555555555556
0.5323752890650809,0.9930555555555556
0.5344730756524612,0.9930555555555556
0.5345061116617112,0.9930555555555556
0.5347538817310868,0.9930555555555556
0.5347869177403369,0.9930555555555556
0.5366534522629667,0.9930555555555556
0.5366864882722168,0.9930555555555556
0.5393624050214734,0.9930555555555556
0.5393954410307235,0.9930555555555556
0.5421869838123554,0.9930555555555556
0.5422200198216055,0.9930555555555556
0.5430294020482326,0.9930555555555556
0.5430294020482326,0.99375
0.5447472745292369,0.99375
0.544780310538487,0.99375
0.5459035348529898,0.99375
0.5459365708622398,0.99375
0.545986124876115,0.99375
0.5460191608853651,0.99375
0.5477865873802444,0.99375
0.5478196233894945,0.99375
0.547984803435745,0.99375
0.548017839444995,0.99375
0.5492566897918731,0.99375
0.5492897258011232,0.99375
0.5506111661711265,0.99375
0.5506442021803766,0.99375
0.553584407003634,0.99375
0.553584407003634,0.9944444444444445
0.5540799471423852,0.9944444444444445
0.5541129831516353,0.9944444444444445
0.5545259332672613,0.9944444444444445
0.5545589692765114,0.9944444444444445
0.5546580773042616,0.9944444444444445
0.5546911133135117,0.9944444444444445
0.5616617112652792,0.9944444444444445
0.5616947472745293,0.9944444444444445
0.5634952097786587,0.9944444444444445
0.5635282457879088,0.9944444444444445
0.5639411959035349,0.9944444444444445
0.563974231912785,0.9944444444444445
0.5657581764122894,0.9944444444444445
0.5657912124215395,0.9944444444444445
0.5723818962669309,0.9944444444444445
0.572414932276181,0.9944444444444445
0.5726792203501817,0.9944444444444445
0.5727122563594318,0.9944444444444445
0.5743640568219359,0.9944444444444445
0.574397092831186,0.9944444444444445
0.5754872811364388,0.9944444444444445
0.5755203171456889,0.9944444444444445
0.5814172447968285,0.9944444444444445
0.5814502808060786,0.9944444444444445
0.5817145688800793,0.9944444444444445
0.5817476048893294,0.9944444444444445
0.5825239511067063,0.9944444444444445
0.5825569871159564,0.9944444444444445
0.5827221671622068,0.9944444444444445
0.5827552031714569,0.9944444444444445
0.5829038652130822,0.9944444444444445
0.5829369012223323,0.9944444444444445
0.583630657416584,0.9944444444444445
0.5836636934258341,0.9944444444444445
0.5841096795507102,0.9944444444444445
0.5841427155599603,0.9944444444444445
0.5847208457218368,0.9944444444444445
0.5847538817310869,0.9944444444444445
0.5887182028410968,0.9944444444444445
0.5887512388503469,0.9944444444444445
0.5909811694747275,0.9944444444444445
0.5910142054839775,0.9944444444444445
0.592401717872481,0.9944444444444445
0.5924347538817311,0.9944444444444445
0.5932936901222332,0.9944444444444445
0.5933267261314833,0.9944444444444445
0.5947142385199868,0.9944444444444445
0.5947472745292368,0.9944444444444445
0.5948794185662372,0.9944444444444445
0.5949289725801123,0.9944444444444445
0.596795507102742,0.9944444444444445
0.5968285431119921,0.9944444444444445
0.5972414932276181,0.9944444444444445
0.5972745292368682,0.9944444444444445
0.5977700693756194,0.9944444444444445
0.5978031053848695,0.9944444444444445
0.6014040303931285,0.9944444444444445
0.6014370664023786,0.9944444444444445
0.602808060786257,0.9944444444444445
0.6028410967955071,0.9944444444444445
0.6041790551701355,0.9944444444444445
0.6042120911793856,0.9944444444444445
0.6099768747935249,0.9944444444444445
0.610009910802775,0.9944444444444445
0.6106375949785265,0.9944444444444445
0.6106706309877766,0.9944444444444445
0.6109844730756525,0.9944444444444445
0.6110175090849026,0.9944444444444445
0.6130822596630328,0.9944444444444445
0.6131152956722827,0.9944444444444445
0.6131648496861579,0.9944444444444445
0.613197885695408,0.9944444444444445
0.6135117277832838,0.9944444444444445
0.6135447637925339,0.9944444444444445
0.6142880740006608,0.9944444444444445
0.6143211100099109,0.9944444444444445
0.6169144367360423,0.9944444444444445
0.6169474727452924,0.9944444444444445
0.6173439048562933,0.9944444444444445
0.6173769408655434,0.9944444444444445
0.6198381235546746,0.9944444444444445
0.6198711595639247,0.9944444444444445
0.6212586719524281,0.9944444444444445
0.6212917079616782,0.9944444444444445
0.622001982160555,0.9944444444444445
0.6220350181698051,0.9944444444444445
0.6221341261975554,0.9944444444444445
0.6221671622068055,0.9944444444444445
0.622414932276181,0.9944444444444445
0.6224479682854311,0.9944444444444445
0.6274198876775685,0.9944444444444445
0.6274529236868186,0.9944444444444445
0.6309382226627024,0.9944444444444445
0.6309712586719525,0.9944444444444445
0.6310868847043277,0.9944444444444445
0.6311199207135778,0.9944444444444445
0.6339940535183349,0.9944444444444445
0.634027089527585,0.9944444444444445
0.6362239841427155,0.9944444444444445
0.6362570201519656,0.9944444444444445
0.6409646514701024,0.9944444444444445
0.6409976874793525,0.9944444444444445
0.6410472414932277,0.9944444444444445
0.6410802775024776,0.9944444444444445
0.6415097456227288,0.9944444444444445
0.6415427816319789,0.9944444444444445
0.6433762801453584,0.9944444444444445
0.6434093161546085,0.9944444444444445
0.6435249421869839,0.9944444444444445
0.643557978196234,0.9944444444444445
0.6445655764783614,0.9944444444444445
0.6445986124876115,0.9944444444444445
0.6450941526263627,0.9944444444444445
0.6451271886356128,0.9944444444444445
0.646399074991741,0.9944444444444445
0.6464321110009911,0.9944444444444445
0.6494218698381236,0.9944444444444445
0.6494218698381236,0.9951388888888889
0.6500825900231252,0.9951388888888889
0.6501156260323753,0.9951388888888889
0.6508919722497523,0.9951388888888889
0.6509250082590023,0.9951388888888889
0.6518334985133796,0.9951388888888889
0.6518665345226297,0.9951388888888889
0.6519160885365048,0.9951388888888889
0.6519491245457548,0.9951388888888889
0.6530227948463826,0.9951388888888889
0.6530558308556327,0.9951388888888889
0.6544433432441361,0.9951388888888889
0.6544763792533862,0.9951388888888889
0.6547241493227618,0.9951388888888889
0.6547571853320119,0.9951388888888889
0.65799471423852,0.9951388888888889
0.65802775024777,0.9951388888888889
0.6593987446316485,0.9951388888888889
0.6594317806408986,0.9951388888888889
0.659613478691774,0.9951388888888889
0.6596465147010241,0.9951388888888889
0.6634291377601585,0.9951388888888889
0.6634621737694086,0.9951388888888889
0.6638916418896598,0.9951388888888889
0.6639246778989099,0.9951388888888889
0.6648331681532871,0.9951388888888889
0.6648662041625372,0.9951388888888889
0.6652956722827882,0.9951388888888889
0.6653287082920383,0.9951388888888889
0.6666666666666666,0.9951388888888889
0.6666997026759167,0.9951388888888889
0.6686323092170465,0.9951388888888889
0.6686653452262966,0.9951388888888889
0.6699537495870499,0.9951388888888889
0.6699867855963,0.9951388888888889
0.6712421539478031,0.9951388888888889
0.6712751899570532,0.9951388888888889
0.671622068054179,0.9951388888888889
0.6716551040634291,0.9951388888888889
0.6723818962669309,0.9951388888888889
0.672414932276181,0.9951388888888889
0.6735546745953089,0.9951388888888889
0.673587710604559,0.9951388888888889
0.6757680872150644,0.9951388888888889
0.6758011232243145,0.9951388888888889
0.6811034027089528,0.9951388888888889
0.6811364387182028,0.9951388888888889
0.681631978856954,0.9951388888888889
0.6816650148662041,0.9951388888888889
0.6825239511067063,0.9951388888888889
0.6825569871159564,0.9951388888888889
0.6826560951437066,0.9951388888888889
0.6826891311529567,0.9951388888888889
0.6840766435414601,0.9951388888888889
0.6841096795507102,0.9951388888888889
0.6854146019160885,0.9951388888888889
0.6854476379253386,0.9951388888888889
0.6870994383878427,0.9951388888888889
0.6871324743970928,0.9951388888888889
0.687611496531219,0.9951388888888889
0.6876445325404691,0.9951388888888889
0.6890155269243475,0.9951388888888889
0.6890485629335976,0.9951388888888889
0.6916584076643542,0.9951388888888889
0.6916914436736042,0.9951388888888889
0.6958209448298646,0.9951388888888889
0.6958539808391146,0.9951388888888889
0.6959530888668649,0.9951388888888889
0.695986124876115,0.9951388888888889
0.6998513379583746,0.9951388888888889
0.6998843739676247,0.9951388888888889
0.7004955401387513,0.9951388888888889
0.7005285761480013,0.9951388888888889
0.702015196564255,0.9951388888888889
0.702015196564255,0.9958333333333333
0.7020482325735051,0.9958333333333333
0.7027750247770069,0.9958333333333333
0.702808060786257,0.9958333333333333
0.7082755203171457,0.9958333333333333
0.7083085563263958,0.9958333333333333
0.7085563263957714,0.9958333333333333
0.7085893624050215,0.9958333333333333
0.7093822266270234,0.9958333333333333
0.7094152626362735,0.9958333333333333
0.7125041295011563,0.9958333333333333
0.7125371655104064,0.9958333333333333
0.7155599603567889,0.9958333333333333
0.715592996366039,0.9958333333333333
0.7156260323752891,0.9958333333333333
0.7156260323752891,0.9965277777777778
0.7187148992401717,0.9965277777777778
0.7187479352494218,0.9965277777777778
0.7200858936240502,0.9965277777777778
0.7201189296333003,0.9965277777777778
0.7213247439709283,0.9965277777777778
0.7213577799801784,0.9965277777777778
0.721638586058804,0.9965277777777778
0.7216716220680541,0.9965277777777778
0.7237528906508094,0.9965277777777778
0.7237859266600595,0.9965277777777778
0.7249256689791873,0.9965277777777778
0.7249587049884374,0.9965277777777778
0.7281301618764453,0.9965277777777778
0.7281631978856954,0.9965277777777778
0.7321440370003304,0.9965277777777778
0.7321770730095805,0.9965277777777778
0.7324083250743311,0.9965277777777778
0.7324413610835812,0.9965277777777778
0.7326395771390816,0.9965277777777778
0.7326726131483317,0.9965277777777778
0.7328708292038322,0.9965277777777778
0.7329038652130823,0.9965277777777778
0.7333994053518335,0.9965277777777778
0.7333994053518335,0.9972222222222222
0.734423521638586,0.9972222222222222
0.7344565576478361,0.9972222222222222
0.7349025437727122,0.9972222222222222
0.7349355797819623,0.9972222222222222
0.7356623719854641,0.9972222222222222
0.7356623719854641,0.9979166666666667
0.7372646184340932,0.9979166666666667
0.7372976544433433,0.9979166666666667
0.7459365708622399,0.9979166666666667
0.7459696068714899,0.9979166666666667
0.7497852659398745,0.9979166666666667
0.7498183019491246,0.9979166666666667
0.7505781301618765,0.9979166666666667
0.7506111661711266,0.9979166666666667
0.7508754542451271,0.9979166666666667
0.7508754542451271,0.9986111111111111
0.7521803766105054,0.9986111111111111
0.7522134126197555,0.9986111111111111
0.7522960026428808,0.9986111111111111
0.7523290386521309,0.9986111111111111
0.7562107697390156,0.9986111111111111
0.7562438057482657,0.9986111111111111
0.7573670300627684,0.9986111111111111
0.7574000660720185,0.9986111111111111
0.7583581103402709,0.9986111111111111
0.758391146349521,0.9986111111111111
0.7617608192930294,0.9986111111111111
0.7617938553022795,0.9986111111111111
0.7620251073670301,0.9986111111111111
0.7620581433762802,0.9986111111111111
0.7648992401717872,0.9986111111111111
0.7649322761810373,0.9986111111111111
0.7681532870829204,0.9986111111111111
0.7681863230921705,0.9986111111111111
0.7682523951106707,0.9986111111111111
0.7682854311199208,0.9986111111111111
0.7685166831846713,0.9986111111111111
0.7685497191939213,0.9986111111111111
0.7687974892632969,0.9986111111111111
0.768830525272547,0.9986111111111111
0.7695407994714238,0.9986111111111111
0.7695738354806739,0.9986111111111111
0.769590353485299,0.9986111111111111
0.769623389494549,0.9986111111111111
0.7700693756194251,0.9986111111111111
0.7701024116286752,0.9986111111111111
0.7701519656425504,0.9986111111111111
0.7701850016518005,0.9986111111111111
0.7706970597951768,0.9986111111111111
0.7707300958044269,0.9986111111111111
0.770763131813677,0.9986111111111111
0.770796167822927,0.9986111111111111
0.7732903865213082,0.9986111111111111
0.7733234225305583,0.9986111111111111
0.7766930954740667,0.9986111111111111
0.7767261314833168,0.9986111111111111
0.7802279484638256,0.9986111111111111
0.7802609844730757,0.9986111111111111
0.7831516352824579,0.9986111111111111
0.783184671291708,0.9986111111111111
0.7833333333333333,0.9986111111111111
0.7833663693425834,0.9986111111111111
0.7838619094813346,0.9986111111111111
0.7838949454905847,0.9986111111111111
0.784407003633961,0.9986111111111111
0.7844400396432111,0.9986111111111111
0.7846382556987116,0.9986111111111111
0.7846712917079617,0.9986111111111111
0.7850181698050875,0.9986111111111111
0.7850512058143376,0.9986111111111111
0.7906838453914767,0.9986111111111111
0.7907168814007268,0.9986111111111111
0.7912784935579782,0.9986111111111111
0.7913115295672283,0.9986111111111111
0.7929798480343575,0.9986111111111111
0.7930128840436075,0.9986111111111111
0.7930624380574827,0.9986111111111111
0.7930954740667328,0.9986111111111111
0.7931119920713577,0.9986111111111111
0.7931450280806078,0.9986111111111111
0.7932441361083581,0.9986111111111111
0.7932771721176082,0.9986111111111111
0.7933432441361083,0.9986111111111111
0.7933762801453584,0.9986111111111111
0.7940370003303601,0.9986111111111111
0.7940700363396102,0.9986111111111111
0.7956392467789891,0.9986111111111111
0.7956722827882392,0.9986111111111111
0.7963495209778658,0.9986111111111111
0.7963825569871159,0.9986111111111111
0.7985464155929963,0.9986111111111111
0.7985794516022464,0.9986111111111111
0.7990254377271225,0.9986111111111111
0.7990584737363726,0.9986111111111111
0.7993723158242484,0.9986111111111111
0.7994053518334985,0.9986111111111111
0.800396432111001,0.9986111111111111
0.8004294681202511,0.9986111111111111
0.8065080938222663,0.9986111111111111
0.8065411298315164,0.9986111111111111
0.8067723818962669,0.9986111111111111
0.806805417905517,0.9986111111111111
0.8079286422200198,0.9986111111111111
0.8079616782292699,0.9986111111111111
0.8090353485298976,0.9986111111111111
0.8090683845391476,0.9986111111111111
0.8131152956722828,0.9986111111111111
0.8131483316815329,0.9986111111111111
0.8138420878757846,0.9986111111111111
0.8138751238850347,0.9986111111111111
0.8166171126527916,0.9986111111111111
0.8166501486620417,0.9986111111111111
0.8193095474066733,0.9986111111111111
0.8193425834159234,0.9986111111111111
0.8231582424843079,0.9986111111111111
0.823191278493558,0.9986111111111111
0.8233729765444334,0.9986111111111111
0.8234060125536835,0.9986111111111111
0.82398414271556,0.9986111111111111
0.8240171787248101,0.9986111111111111
0.8245622728774364,0.9986111111111111
0.8245953088866865,0.9986111111111111
0.8249917409976875,0.9986111111111111
0.8250247770069375,0.9986111111111111
0.8295011562603237,0.9986111111111111
0.8295341922695738,0.9986111111111111
0.8297158903204493,0.9986111111111111
0.8297489263296993,0.9986111111111111
0.8304922365378262,0.9986111111111111
0.8305252725470763,0.9986111111111111
0.8329534192269574,0.9986111111111111
0.8329864552362075,0.9986111111111111
0.8334985133795837,0.9986111111111111
0.8335315493888338,0.9986111111111111
0.8337297654443343,0.9986111111111111
0.8337628014535844,0.9986111111111111
0.8350677238189627,0.9986111111111111
0.8351007598282127,0.9986111111111111
0.8380740006607201,0.9986111111111111
0.8381070366699702,0.9986111111111111
0.8392302609844731,0.9986111111111111
0.8392632969937232,0.9986111111111111
0.8396762471093492,0.9986111111111111
0.8397092831185993,0.9986111111111111
0.8410307234886025,0.9986111111111111
0.8410637594978526,0.9986111111111111
0.843227618103733,0.9986111111111111
0.8432606541129831,0.9986111111111111
0.845573174760489,0.9986111111111111
0.845606210769739,0.9986111111111111
0.8514205483977535,0.9986111111111111
0.8514535844070036,0.9986111111111111
0.8525272547076314,0.9986111111111111
0.8525602907168814,0.9986111111111111
0.85602907168814,0.9986111111111111
0.8560621076973901,0.9986111111111111
0.8589362405021473,0.9986111111111111
0.8589692765113974,0.9986111111111111
0.8616451932606541,0.9986111111111111
0.8616782292699042,0.9986111111111111
0.8617938553022795,0.9986111111111111
0.8618268913115296,0.9986111111111111
0.8646184340931615,0.9986111111111111
0.8646514701024116,0.9986111111111111
0.8687314172447969,0.9986111111111111
0.8687644532540469,0.9986111111111111
0.8708292038321771,0.9986111111111111
0.8708622398414272,0.9986111111111111
0.8728774364056822,0.9986111111111111
0.8729104724149322,0.9986111111111111
0.8741328047571854,0.9986111111111111
0.8741658407664354,0.9986111111111111
0.8742649487941857,0.9986111111111111
0.8742979848034358,0.9986111111111111
0.8760654112983152,0.9986111111111111
0.8760984473075653,0.9986111111111111
0.8771060455896927,0.9986111111111111
0.8771390815989428,0.9986111111111111
0.8802114304592006,0.9986111111111111
0.8802444664684506,0.9986111111111111
0.8839279814998349,0.9986111111111111
0.883961017509085,0.9986111111111111
0.8841261975553353,0.9986111111111111
0.8841592335645854,0.9986111111111111
0.884819953749587,0.9986111111111111
0.8848529897588371,0.9986111111111111
0.8871159563924678,0.9986111111111111
0.8871489924017179,0.9986111111111111
0.8885034687809713,0.9986111111111111
0.8885365047902214,0.9986111111111111
0.8900726792203502,0.9986111111111111
0.8901057152296002,0.9986111111111111
0.8924512718863561,0.9986111111111111
0.8924843078956062,0.9986111111111111
0.8925668979187315,0.9986111111111111
0.8925999339279815,0.9986111111111111
0.8945325404691113,0.9986111111111111
0.8945325404691113,0.9993055555555556
0.8945655764783614,0.9993055555555556
0.8951271886356128,0.9993055555555556
0.8951602246448629,0.9993055555555556
0.8958374628344896,0.9993055555555556
0.8958704988437397,0.9993055555555556
0.9006937561942517,0.9993055555555556
0.9007267922035018,0.9993055555555556
0.904773703336637,0.9993055555555556
0.9048067393458871,0.9993055555555556
0.9058804096465147,0.9993055555555556
0.9059134456557648,0.9993055555555556
0.9092500825900232,0.9993055555555556
0.9092831185992732,0.9993055555555556
0.9093491906177734,0.9993055555555556
0.9093822266270235,0.9993055555555556
0.9124876114965312,0.9993055555555556
0.9124876114965312,1.0
0.9170961347869178,1.0
0.9171291707961678,1.0
0.9210274198876776,1.0
0.9210604558969276,1.0
0.9212256359431781,1.0
0.9212586719524282,1.0
0.9216551040634291,1.0
0.9216881400726792,1.0
0.9218202841096795,1.0
0.9218533201189296,1.0
0.9236537826230591,1.0
0.9236868186323092,1.0
0.9249256689791873,1.0
0.9249587049884374,1.0
0.9263296993723158,1.0
0.9263627353815659,1.0
0.9264288074000661,1.0
0.9264618434093161,1.0
0.9314007267922035,1.0
0.9314337628014536,1.0
0.9338784274859597,1.0
0.9339114634952098,1.0
0.9344895936570862,1.0
0.9345226296663363,1.0
0.9354146019160885,1.0
0.9354476379253386,1.0
0.9358936240502147,1.0
0.9359266600594648,1.0
0.9374463164849686,1.0
0.9374793524942187,1.0
0.9382391807069705,1.0
0.9382722167162206,1.0
0.938800792864222,1.0
0.9388338288734721,1.0
0.9402874132804757,1.0
0.9403204492897258,1.0
0.9411463495209779,1.0
0.941179385530228,1.0
0.9435414601916089,1.0
0.943574496200859,1.0
0.9457548728113644,1.0
0.9457879088206145,1.0
0.9476544433432441,1.0
0.9476874793524942,1.0
0.9513875123885035,1.0
0.9514205483977536,1.0
0.9539147670961348,1.0
0.9539478031053849,1.0
0.9603402708952758,1.0
0.9603733069045259,1.0
0.9607201850016518,1.0
0.9607532210109019,1.0
0.961199207135778,1.0
0.9612322431450281,1.0
0.9619425173439049,1.0
0.961975553353155,1.0
0.9621902874132805,1.0
0.9622233234225306,1.0
0.962768417575157,1.0
0.962801453584407,1.0
0.9637099438387843,1.0
0.9637429798480344,1.0
0.9681037330690453,1.0
0.9681367690782954,1.0
0.9681863230921705,1.0
0.9682193591014205,1.0
0.9698216055500496,1.0
0.9698546415592997,1.0
0.9748761149653122,1.0
0.9749091509745623,1.0
0.9767261314833168,1.0
0.9767591674925669,1.0
0.9781631978856954,1.0
0.9781962338949455,1.0
0.983168153287083,1.0
0.983201189296333,1.0
0.9839279814998348,1.0
0.9839610175090849,1.0
0.985199867855963,1.0
0.9852329038652131,1.0
0.9877766765774695,1.0
0.9878097125867196,1.0
0.9919061777337298,1.0
0.9919392137429799,1.0
0.994383878427486,1.0
0.9944169144367361,1.0
0.9945490584737364,1.0
0.9945820944829864,1.0
0.9960521968946151,1.0
0.9960852329038652,1.0
0.9984638255698711,1.0
0.9984968615791212,1.0
0.9986124876114966,1.0
0.9986455236207467,1.0
1.0,1.0
