,fpr,tpr
0,0.0,0.0
1,0.0,0.0006944444444444445
2,0.0,0.001388888888888889
3,1.6518004625041296e-05,0.001388888888888889
4,1.6518004625041296e-05,0.004166666666666667
5,3.303600925008259e-05,0.004166666666666667
6,3.303600925008259e-05,0.009027777777777777
7,4.955401387512388e-05,0.009027777777777777
8,4.955401387512388e-05,0.009722222222222222
9,6.607201850016519e-05,0.009722222222222222
10,6.607201850016519e-05,0.041666666666666664
11,6.607201850016519e-05,0.043055555555555555
12,6.607201850016519e-05,0.05555555555555555
13,8.259002312520647e-05,0.05555555555555555
14,8.259002312520647e-05,0.05763888888888889
15,9.910802775024777e-05,0.05763888888888889
16,9.910802775024777e-05,0.08333333333333333
17,0.00011562603237528906,0.08333333333333333
18,0.00011562603237528906,0.08472222222222223
19,0.00013214403700033037,0.08472222222222223
20,0.00013214403700033037,0.09652777777777778
21,0.00014866204162537167,0.09652777777777778
22,0.00014866204162537167,0.12222222222222222
23,0.00016518004625041294,0.12222222222222222
24,0.00016518004625041294,0.14722222222222223
25,0.00018169805087545423,0.14722222222222223
26,0.00018169805087545423,0.1527777777777778
27,0.00021473406012553683,0.1527777777777778
28,0.00021473406012553683,0.15416666666666667
29,0.00021473406012553683,0.15555555555555556
30,0.00021473406012553683,0.1597222222222222
31,0.00021473406012553683,0.16111111111111112
32,0.00021473406012553683,0.1625
33,0.00023125206475057812,0.1625
34,0.00023125206475057812,0.16666666666666666
35,0.0002477700693756194,0.16666666666666666
36,0.0002477700693756194,0.1875
37,0.000280806078625702,0.1875
38,0.000280806078625702,0.18888888888888888
39,0.000280806078625702,0.1951388888888889
40,0.0003138420878757846,0.1951388888888889
41,0.0003138420878757846,0.20277777777777778
42,0.0003303600925008259,0.20277777777777778
43,0.0003303600925008259,0.20972222222222223
44,0.0003468780971258672,0.20972222222222223
45,0.0003468780971258672,0.22569444444444445
46,0.00036339610175090847,0.22569444444444445
47,0.00036339610175090847,0.24097222222222223
48,0.0003799141063759498,0.24097222222222223
49,0.0003799141063759498,0.25
50,0.00039643211100099106,0.25069444444444444
51,0.00039643211100099106,0.2548611111111111
52,0.0004129501156260324,0.2548611111111111
53,0.0004129501156260324,0.2569444444444444
54,0.0004129501156260324,0.25833333333333336
55,0.00042946812025107365,0.25833333333333336
56,0.00042946812025107365,0.26319444444444445
57,0.00042946812025107365,0.26458333333333334
58,0.00042946812025107365,0.2743055555555556
59,0.000445986124876115,0.2743055555555556
60,0.000445986124876115,0.2798611111111111
61,0.00046250412950115625,0.2798611111111111
62,0.00046250412950115625,0.28402777777777777
63,0.00047902213412619757,0.28402777777777777
64,0.00047902213412619757,0.2881944444444444
65,0.0004955401387512388,0.2881944444444444
66,0.0004955401387512388,0.3055555555555556
67,0.0005120581433762802,0.3055555555555556
68,0.0005120581433762802,0.30972222222222223
69,0.0005285761480013215,0.30972222222222223
70,0.0005285761480013215,0.31527777777777777
71,0.0005450941526263627,0.31527777777777777
72,0.0005450941526263627,0.32013888888888886
73,0.0005450941526263627,0.3215277777777778
74,0.0005450941526263627,0.3236111111111111
75,0.000561612157251404,0.3236111111111111
76,0.000561612157251404,0.34097222222222223
77,0.0005781301618764453,0.34097222222222223
78,0.0005781301618764453,0.3416666666666667
79,0.0005946481665014867,0.3416666666666667
80,0.0005946481665014867,0.3486111111111111
81,0.0005946481665014867,0.35
82,0.0005946481665014867,0.3527777777777778
83,0.0006111661711265279,0.3527777777777778
84,0.0006111661711265279,0.35694444444444445
85,0.0006276841757515692,0.35694444444444445
86,0.0006276841757515692,0.36041666666666666
87,0.0006442021803766105,0.36041666666666666
88,0.0006442021803766105,0.36180555555555555
89,0.0006772381896266931,0.36180555555555555
90,0.0006772381896266931,0.3625
91,0.0007102741988767757,0.3625
92,0.0007102741988767757,0.3638888888888889
93,0.0007267922035018169,0.3638888888888889
94,0.0007267922035018169,0.37083333333333335
95,0.0007433102081268583,0.37083333333333335
96,0.0007433102081268583,0.3784722222222222
97,0.0007598282127518996,0.3784722222222222
98,0.0007598282127518996,0.37916666666666665
99,0.0007763462173769409,0.37916666666666665
100,0.0007763462173769409,0.3875
101,0.0007928642220019821,0.3875
102,0.0007928642220019821,0.38819444444444445
103,0.0008093822266270234,0.38819444444444445
104,0.0008093822266270234,0.3923611111111111
105,0.0008259002312520648,0.3923611111111111
106,0.0008259002312520648,0.39375
107,0.0008589362405021473,0.39375
108,0.0008589362405021473,0.3958333333333333
109,0.0008754542451271886,0.3958333333333333
110,0.0008754542451271886,0.3972222222222222
111,0.0009084902543772713,0.3972222222222222
112,0.0009084902543772713,0.39791666666666664
113,0.0009250082590023125,0.39791666666666664
114,0.0009250082590023125,0.3993055555555556
115,0.0009415262636273538,0.3993055555555556
116,0.0009415262636273538,0.4013888888888889
117,0.0009580442682523951,0.4013888888888889
118,0.0009580442682523951,0.4027777777777778
119,0.0009745622728774364,0.4027777777777778
120,0.0009745622728774364,0.4041666666666667
121,0.0009910802775024777,0.4041666666666667
122,0.0009910802775024777,0.42083333333333334
123,0.001007598282127519,0.42083333333333334
124,0.001007598282127519,0.4215277777777778
125,0.0010241162867525603,0.4215277777777778
126,0.0010241162867525603,0.42430555555555555
127,0.0010406342913776017,0.42430555555555555
128,0.0010406342913776017,0.42777777777777776
129,0.001057152296002643,0.42777777777777776
130,0.001057152296002643,0.43194444444444446
131,0.001073670300627684,0.43194444444444446
132,0.001073670300627684,0.43472222222222223
133,0.0010901883052527254,0.43472222222222223
134,0.0010901883052527254,0.4354166666666667
135,0.0011397423191278494,0.4354166666666667
136,0.0011397423191278494,0.4375
137,0.0011562603237528907,0.4375
138,0.0011562603237528907,0.45069444444444445
139,0.0011892963330029733,0.45069444444444445
140,0.0011892963330029733,0.45208333333333334
141,0.0012058143376280145,0.45208333333333334
142,0.0012058143376280145,0.4583333333333333
143,0.0012223323422530558,0.4583333333333333
144,0.0012223323422530558,0.4597222222222222
145,0.001238850346878097,0.4597222222222222
146,0.001238850346878097,0.46041666666666664
147,0.0012553683515031384,0.46041666666666664
148,0.0012553683515031384,0.46805555555555556
149,0.0012718863561281797,0.46805555555555556
150,0.0012718863561281797,0.46944444444444444
151,0.0013049223653782624,0.46944444444444444
152,0.0013049223653782624,0.47152777777777777
153,0.0013379583746283448,0.47152777777777777
154,0.0013379583746283448,0.47291666666666665
155,0.0013544763792533861,0.47291666666666665
156,0.0013544763792533861,0.4736111111111111
157,0.0013544763792533861,0.475
158,0.0013544763792533861,0.47708333333333336
159,0.0013875123885034688,0.47708333333333336
160,0.0013875123885034688,0.4777777777777778
161,0.0014040303931285101,0.4777777777777778
162,0.0014040303931285101,0.48125
163,0.0014205483977535514,0.48125
164,0.0014205483977535514,0.4840277777777778
165,0.0014370664023785928,0.4840277777777778
166,0.0014370664023785928,0.49027777777777776
167,0.0014535844070036339,0.49027777777777776
168,0.0014535844070036339,0.4909722222222222
169,0.0014866204162537165,0.4909722222222222
170,0.0014866204162537165,0.4930555555555556
171,0.0014866204162537165,0.49444444444444446
172,0.0014866204162537165,0.49722222222222223
173,0.0015031384208787578,0.49722222222222223
174,0.0015031384208787578,0.4979166666666667
175,0.0015361744301288405,0.4979166666666667
176,0.0015361744301288405,0.4986111111111111
177,0.0015526924347538818,0.4986111111111111
178,0.0015526924347538818,0.5013888888888889
179,0.001569210439378923,0.5013888888888889
180,0.001569210439378923,0.5020833333333333
181,0.0015857284440039642,0.5020833333333333
182,0.0015857284440039642,0.5027777777777778
183,0.0016022464486290056,0.5034722222222222
184,0.0016022464486290056,0.5041666666666667
185,0.0016352824578790882,0.5041666666666667
186,0.0016352824578790882,0.5048611111111111
187,0.0016518004625041295,0.5048611111111111
188,0.0016518004625041295,0.5069444444444444
189,0.0016848364717542122,0.5069444444444444
190,0.0016848364717542122,0.5090277777777777
191,0.0017013544763792533,0.5090277777777777
192,0.0017013544763792533,0.5131944444444444
193,0.0017178724810042946,0.5131944444444444
194,0.0017178724810042946,0.5145833333333333
195,0.001734390485629336,0.5145833333333333
196,0.001734390485629336,0.5159722222222223
197,0.0017674264948794186,0.5159722222222223
198,0.0017674264948794186,0.5166666666666667
199,0.00178394449950446,0.5166666666666667
200,0.00178394449950446,0.5173611111111112
201,0.0018004625041295012,0.5173611111111112
202,0.0018004625041295012,0.5180555555555556
203,0.0018169805087545426,0.5180555555555556
204,0.0018169805087545426,0.5194444444444445
205,0.001850016518004625,0.5194444444444445
206,0.001850016518004625,0.5201388888888889
207,0.0018665345226296663,0.5201388888888889
208,0.0018665345226296663,0.5222222222222223
209,0.001899570531879749,0.5222222222222223
210,0.001899570531879749,0.525
211,0.001899570531879749,0.5263888888888889
212,0.001899570531879749,0.5305555555555556
213,0.0019160885365047903,0.5305555555555556
214,0.0019160885365047903,0.5319444444444444
215,0.001965642550379914,0.5319444444444444
216,0.001965642550379914,0.5340277777777778
217,0.002015196564255038,0.5340277777777778
218,0.002015196564255038,0.5361111111111111
219,0.0020482325735051207,0.5361111111111111
220,0.0020482325735051207,0.5381944444444444
221,0.002064750578130162,0.5381944444444444
222,0.002064750578130162,0.5388888888888889
223,0.0020977865873802446,0.5388888888888889
224,0.0020977865873802446,0.5402777777777777
225,0.002114304592005286,0.5402777777777777
226,0.002114304592005286,0.54375
227,0.0021308225966303273,0.54375
228,0.0021308225966303273,0.5451388888888888
229,0.002147340601255368,0.5451388888888888
230,0.002147340601255368,0.5458333333333333
231,0.0022299306243805748,0.5458333333333333
232,0.0022299306243805748,0.5479166666666667
233,0.00229600264288074,0.5479166666666667
234,0.00229600264288074,0.5486111111111112
235,0.0023125206475057814,0.5486111111111112
236,0.0023125206475057814,0.55
237,0.0023290386521308227,0.55
238,0.0023290386521308227,0.5506944444444445
239,0.002345556656755864,0.5506944444444445
240,0.002345556656755864,0.5541666666666667
241,0.0023620746613809054,0.5541666666666667
242,0.0023620746613809054,0.5583333333333333
243,0.0023951106706309876,0.5583333333333333
244,0.0023951106706309876,0.5604166666666667
245,0.002411628675256029,0.5604166666666667
246,0.002411628675256029,0.5645833333333333
247,0.0024446646845061116,0.5645833333333333
248,0.0024446646845061116,0.5673611111111111
249,0.002461182689131153,0.5673611111111111
250,0.002461182689131153,0.5694444444444444
251,0.002477700693756194,0.5694444444444444
252,0.002477700693756194,0.5701388888888889
253,0.0024942186983812355,0.5701388888888889
254,0.0024942186983812355,0.5743055555555555
255,0.002510736703006277,0.5743055555555555
256,0.002510736703006277,0.5756944444444444
257,0.002527254707631318,0.5756944444444444
258,0.002527254707631318,0.5770833333333333
259,0.0025437727122563595,0.5770833333333333
260,0.0025437727122563595,0.5777777777777777
261,0.002560290716881401,0.5777777777777777
262,0.002560290716881401,0.5784722222222223
263,0.002576808721506442,0.5784722222222223
264,0.002576808721506442,0.5826388888888889
265,0.0025933267261314835,0.5826388888888889
266,0.0025933267261314835,0.5854166666666667
267,0.002642880740006607,0.5854166666666667
268,0.002642880740006607,0.5868055555555556
269,0.0026593987446316483,0.5868055555555556
270,0.0026593987446316483,0.5875
271,0.002692434753881731,0.5875
272,0.002692434753881731,0.5881944444444445
273,0.0027089527585067723,0.5881944444444445
274,0.0027089527585067723,0.5888888888888889
275,0.0027254707631318136,0.5888888888888889
276,0.0027254707631318136,0.5909722222222222
277,0.002741988767756855,0.5909722222222222
278,0.002741988767756855,0.5930555555555556
279,0.0028080607862570202,0.5930555555555556
280,0.0028080607862570202,0.5958333333333333
281,0.0028245787908820616,0.5958333333333333
282,0.0028245787908820616,0.5972222222222222
283,0.002857614800132144,0.5972222222222222
284,0.002857614800132144,0.5979166666666667
285,0.0028906508093822264,0.5979166666666667
286,0.0028906508093822264,0.5986111111111111
287,0.0028906508093822264,0.6
288,0.0028906508093822264,0.6069444444444444
289,0.002923686818632309,0.6069444444444444
290,0.002923686818632309,0.6083333333333333
291,0.0029402048232573504,0.6083333333333333
292,0.0029402048232573504,0.6090277777777777
293,0.0029567228278823917,0.6090277777777777
294,0.0029567228278823917,0.6097222222222223
295,0.002973240832507433,0.6097222222222223
296,0.002973240832507433,0.6118055555555556
297,0.0030393128510075983,0.6118055555555556
298,0.0030393128510075983,0.6131944444444445
299,0.0030558308556326397,0.6131944444444445
300,0.0030558308556326397,0.6138888888888889
301,0.0031053848695077636,0.6138888888888889
302,0.0031053848695077636,0.6208333333333333
303,0.003121902874132805,0.6208333333333333
304,0.003121902874132805,0.6215277777777778
305,0.003138420878757846,0.6215277777777778
306,0.003138420878757846,0.6229166666666667
307,0.0031714568880079285,0.6229166666666667
308,0.0031714568880079285,0.6236111111111111
309,0.00318797489263297,0.6236111111111111
310,0.00318797489263297,0.6243055555555556
311,0.0032210109018830525,0.6243055555555556
312,0.0032210109018830525,0.6256944444444444
313,0.0032705649157581764,0.6256944444444444
314,0.0032705649157581764,0.6263888888888889
315,0.003303600925008259,0.6263888888888889
316,0.003303600925008259,0.6270833333333333
317,0.0033201189296333004,0.6270833333333333
318,0.0033201189296333004,0.6277777777777778
319,0.0033366369342583417,0.6277777777777778
320,0.0033366369342583417,0.6284722222222222
321,0.003353154938883383,0.6284722222222222
322,0.003353154938883383,0.6298611111111111
323,0.0033861909481334653,0.6298611111111111
324,0.0033861909481334653,0.63125
325,0.0034027089527585066,0.63125
326,0.0034027089527585066,0.6333333333333333
327,0.0034357449620085892,0.6333333333333333
328,0.0034357449620085892,0.6340277777777777
329,0.0034522629666336306,0.6340277777777777
330,0.0034522629666336306,0.6347222222222222
331,0.003468780971258672,0.6347222222222222
332,0.003468780971258672,0.6388888888888888
333,0.00356788899900892,0.6388888888888888
334,0.00356788899900892,0.6395833333333333
335,0.003617443012884044,0.6395833333333333
336,0.003617443012884044,0.6409722222222223
337,0.003650479022134126,0.6409722222222223
338,0.003650479022134126,0.6423611111111112
339,0.003650479022134126,0.64375
340,0.003650479022134126,0.6444444444444445
341,0.0036669970267591673,0.6444444444444445
342,0.0036669970267591673,0.6458333333333334
343,0.0036835150313842087,0.6458333333333334
344,0.0036835150313842087,0.6465277777777778
345,0.00370003303600925,0.6465277777777778
346,0.00370003303600925,0.6472222222222223
347,0.003749587049884374,0.6472222222222223
348,0.003749587049884374,0.6479166666666667
349,0.0037826230591344566,0.6479166666666667
350,0.0037826230591344566,0.6486111111111111
351,0.0038817310868847045,0.6486111111111111
352,0.0038817310868847045,0.6520833333333333
353,0.0038982490915097454,0.6520833333333333
354,0.0038982490915097454,0.6527777777777778
355,0.003914767096134787,0.6527777777777778
356,0.003914767096134787,0.6541666666666667
357,0.003964321110009911,0.6541666666666667
358,0.003964321110009911,0.6548611111111111
359,0.0039808391146349525,0.6548611111111111
360,0.0039808391146349525,0.6576388888888889
361,0.004013875123885034,0.6576388888888889
362,0.004013875123885034,0.6583333333333333
363,0.004112983151635282,0.6583333333333333
364,0.004112983151635282,0.6590277777777778
365,0.004146019160885365,0.6590277777777778
366,0.004146019160885365,0.6597222222222222
367,0.004162537165510407,0.6597222222222222
368,0.004162537165510407,0.6611111111111111
369,0.0041790551701354475,0.6611111111111111
370,0.0041790551701354475,0.6618055555555555
371,0.004195573174760489,0.6618055555555555
372,0.004195573174760489,0.6638888888888889
373,0.00421209117938553,0.6638888888888889
374,0.00421209117938553,0.6645833333333333
375,0.004294681202510736,0.6645833333333333
376,0.004294681202510736,0.6666666666666666
377,0.004327717211760819,0.6666666666666666
378,0.004327717211760819,0.6680555555555555
379,0.004377271225635943,0.6680555555555555
380,0.004377271225635943,0.66875
381,0.004426825239511067,0.66875
382,0.004426825239511067,0.6694444444444444
383,0.004426825239511067,0.6708333333333333
384,0.004443343244136109,0.6708333333333333
385,0.004443343244136109,0.6722222222222223
386,0.00459200528576148,0.6722222222222223
387,0.00459200528576148,0.6736111111111112
388,0.004625041295011563,0.6736111111111112
389,0.004625041295011563,0.6743055555555556
390,0.004707631318136769,0.6743055555555556
391,0.004707631318136769,0.675
392,0.004724149322761811,0.675
393,0.004724149322761811,0.6763888888888889
394,0.004740667327386852,0.6763888888888889
395,0.004740667327386852,0.6777777777777778
396,0.004806739345887017,0.6777777777777778
397,0.004806739345887017,0.6784722222222223
398,0.0048562933597621405,0.6784722222222223
399,0.0048562933597621405,0.6805555555555556
400,0.004905847373637265,0.6805555555555556
401,0.004905847373637265,0.6840277777777778
402,0.0049388833828873475,0.6840277777777778
403,0.0049388833828873475,0.6847222222222222
404,0.00497191939213743,0.6847222222222222
405,0.00497191939213743,0.6868055555555556
406,0.004988437396762471,0.6868055555555556
407,0.004988437396762471,0.6875
408,0.005071027419887677,0.6875
409,0.005071027419887677,0.6881944444444444
410,0.0051370994383878425,0.6881944444444444
411,0.0051370994383878425,0.6888888888888889
412,0.005170135447637925,0.6888888888888889
413,0.005170135447637925,0.6895833333333333
414,0.00521968946151305,0.6895833333333333
415,0.00521968946151305,0.6909722222222222
416,0.0052362074661380905,0.6909722222222222
417,0.0052362074661380905,0.6923611111111111
418,0.005351833498513379,0.6923611111111111
419,0.005351833498513379,0.6930555555555555
420,0.005368351503138421,0.6930555555555555
421,0.005368351503138421,0.69375
422,0.005384869507763462,0.69375
423,0.005384869507763462,0.6951388888888889
424,0.005467459530888669,0.6951388888888889
425,0.005467459530888669,0.6965277777777777
426,0.005500495540138752,0.6965277777777777
427,0.005500495540138752,0.6972222222222222
428,0.005533531549388833,0.6972222222222222
429,0.005533531549388833,0.6979166666666666
430,0.005566567558638916,0.6979166666666666
431,0.005566567558638916,0.6986111111111111
432,0.0056161215725140405,0.6986111111111111
433,0.0056161215725140405,0.6993055555555555
434,0.005649157581764123,0.6993055555555555
435,0.005649157581764123,0.7006944444444444
436,0.005715229600264288,0.7006944444444444
437,0.005715229600264288,0.7013888888888888
438,0.005913445655764783,0.7013888888888888
439,0.005913445655764783,0.7027777777777777
440,0.006045589692765114,0.7027777777777777
441,0.006045589692765114,0.7041666666666667
442,0.0061942517343904855,0.7041666666666667
443,0.0061942517343904855,0.7048611111111112
444,0.006276841757515692,0.7048611111111112
445,0.006276841757515692,0.7055555555555556
446,0.0062933597621407334,0.7055555555555556
447,0.0062933597621407334,0.7076388888888889
448,0.006309877766765774,0.7076388888888889
449,0.006309877766765774,0.7083333333333334
450,0.006326395771390816,0.7083333333333334
451,0.006326395771390816,0.7090277777777778
452,0.006392467789890981,0.7090277777777778
453,0.006392467789890981,0.7097222222222223
454,0.006425503799141064,0.7097222222222223
455,0.006425503799141064,0.7104166666666667
456,0.006541129831516353,0.7104166666666667
457,0.006541129831516353,0.7118055555555556
458,0.0065741658407664355,0.7118055555555556
459,0.0065741658407664355,0.7125
460,0.006640237859266601,0.7125
461,0.006640237859266601,0.7131944444444445
462,0.0066732738685166835,0.7131944444444445
463,0.0066732738685166835,0.7145833333333333
464,0.006821935910142055,0.7145833333333333
465,0.006821935910142055,0.7152777777777778
466,0.006838453914767096,0.7152777777777778
467,0.006838453914767096,0.7159722222222222
468,0.0068714899240171785,0.7159722222222222
469,0.0068714899240171785,0.7166666666666667
470,0.00688800792864222,0.7166666666666667
471,0.00688800792864222,0.7173611111111111
472,0.006937561942517344,0.7173611111111111
473,0.006937561942517344,0.71875
474,0.006970597951767426,0.71875
475,0.006970597951767426,0.7194444444444444
476,0.007020151965642551,0.7194444444444444
477,0.007020151965642551,0.7201388888888889
478,0.007053187974892633,0.7201388888888889
479,0.007053187974892633,0.7208333333333333
480,0.007069705979517674,0.7208333333333333
481,0.007069705979517674,0.7215277777777778
482,0.007086223984142715,0.7215277777777778
483,0.007086223984142715,0.7222222222222222
484,0.0071522960026428805,0.7222222222222222
485,0.0071522960026428805,0.7229166666666667
486,0.0072514040303931285,0.7229166666666667
487,0.007284440039643211,0.7229166666666667
488,0.007333994053518335,0.7229166666666667
489,0.007333994053518335,0.7243055555555555
490,0.007350512058143376,0.7243055555555555
491,0.007350512058143376,0.7256944444444444
492,0.007416584076643542,0.7256944444444444
493,0.007416584076643542,0.7263888888888889
494,0.007499174099768748,0.7263888888888889
495,0.007499174099768748,0.7270833333333333
496,0.007548728113643871,0.7270833333333333
497,0.007548728113643871,0.7284722222222222
498,0.007565246118268913,0.7284722222222222
499,0.007565246118268913,0.7298611111111111
500,0.007581764122893954,0.7298611111111111
501,0.007581764122893954,0.7305555555555555
502,0.007614800132144037,0.7305555555555555
503,0.007614800132144037,0.7326388888888888
504,0.007746944169144367,0.7326388888888888
505,0.007746944169144367,0.7333333333333333
506,0.00777998017839445,0.7333333333333333
507,0.007862570201519656,0.7333333333333333
508,0.007862570201519656,0.7361111111111112
509,0.00789560621076974,0.7361111111111112
510,0.00789560621076974,0.7368055555555556
511,0.00804426825239511,0.7368055555555556
512,0.00804426825239511,0.7381944444444445
513,0.008126858275520317,0.7381944444444445
514,0.008126858275520317,0.7395833333333334
515,0.008126858275520317,0.7409722222222223
516,0.008192930294020483,0.7409722222222223
517,0.008192930294020483,0.7416666666666667
518,0.008225966303270564,0.7416666666666667
519,0.008225966303270564,0.7430555555555556
520,0.008259002312520648,0.7430555555555556
521,0.008259002312520648,0.7451388888888889
522,0.008308556326395771,0.7451388888888889
523,0.008308556326395771,0.7458333333333333
524,0.008391146349520979,0.7458333333333333
525,0.008391146349520979,0.7465277777777778
526,0.008556326395771391,0.7465277777777778
527,0.008556326395771391,0.7472222222222222
528,0.008572844400396433,0.7472222222222222
529,0.008572844400396433,0.7486111111111111
530,0.00867195242814668,0.7486111111111111
531,0.00867195242814668,0.7493055555555556
532,0.00880409646514701,0.7493055555555556
533,0.00880409646514701,0.75
534,0.008969276511397423,0.75
535,0.008969276511397423,0.7506944444444444
536,0.009018830525272548,0.7506944444444444
537,0.009018830525272548,0.7520833333333333
538,0.009117938553022795,0.7520833333333333
539,0.009117938553022795,0.7527777777777778
540,0.009150974562272877,0.7527777777777778
541,0.009150974562272877,0.7534722222222222
542,0.009299636603898249,0.7534722222222222
543,0.009299636603898249,0.7541666666666667
544,0.009316154608523291,0.7541666666666667
545,0.009316154608523291,0.75625
546,0.009349190617773373,0.75625
547,0.009349190617773373,0.7569444444444444
548,0.009365708622398414,0.7569444444444444
549,0.009365708622398414,0.7576388888888889
550,0.009382226627023456,0.7576388888888889
551,0.009382226627023456,0.7583333333333333
552,0.009514370664023787,0.7583333333333333
553,0.009514370664023787,0.7597222222222222
554,0.009613478691774034,0.7597222222222222
555,0.009613478691774034,0.7604166666666666
556,0.009646514701024116,0.7604166666666666
557,0.009646514701024116,0.7618055555555555
558,0.009663032705649157,0.7618055555555555
559,0.009663032705649157,0.7625
560,0.009696068714899241,0.7625
561,0.009696068714899241,0.7631944444444444
562,0.009745622728774364,0.7631944444444444
563,0.009745622728774364,0.7638888888888888
564,0.009795176742649488,0.7638888888888888
565,0.009795176742649488,0.7645833333333333
566,0.00981169474727453,0.7645833333333333
567,0.00981169474727453,0.7652777777777777
568,0.00982821275189957,0.7652777777777777
569,0.00982821275189957,0.7659722222222223
570,0.009910802775024777,0.7659722222222223
571,0.00994383878427486,0.7659722222222223
572,0.01007598282127519,0.7659722222222223
573,0.01007598282127519,0.7666666666666667
574,0.010109018830525273,0.7666666666666667
575,0.010109018830525273,0.7680555555555556
576,0.010125536835150314,0.7680555555555556
577,0.010125536835150314,0.7694444444444445
578,0.010175090849025438,0.7694444444444445
579,0.010175090849025438,0.7701388888888889
580,0.010307234886025769,0.7701388888888889
581,0.010307234886025769,0.7715277777777778
582,0.010654112983151635,0.7715277777777778
583,0.010654112983151635,0.7722222222222223
584,0.010687148992401719,0.7722222222222223
585,0.0107201850016518,0.7722222222222223
586,0.0107201850016518,0.7729166666666667
587,0.010868847043277173,0.7729166666666667
588,0.010868847043277173,0.7736111111111111
589,0.010885365047902213,0.7736111111111111
590,0.010885365047902213,0.775
591,0.010951437066402378,0.775
592,0.010951437066402378,0.7756944444444445
593,0.01096795507102742,0.7756944444444445
594,0.01096795507102742,0.7763888888888889
595,0.011050545094152627,0.7763888888888889
596,0.011083581103402709,0.7763888888888889
597,0.011166171126527916,0.7763888888888889
598,0.011166171126527916,0.7770833333333333
599,0.011199207135777997,0.7770833333333333
600,0.011199207135777997,0.7777777777777778
601,0.011248761149653123,0.7777777777777778
602,0.011248761149653123,0.7784722222222222
603,0.01134786917740337,0.7784722222222222
604,0.01134786917740337,0.7791666666666667
605,0.0114800132144037,0.7791666666666667
606,0.0114800132144037,0.7798611111111111
607,0.011513049223653782,0.7798611111111111
608,0.011546085232903866,0.7798611111111111
609,0.011546085232903866,0.7805555555555556
610,0.011562603237528906,0.7805555555555556
611,0.011562603237528906,0.7819444444444444
612,0.011612157251404031,0.7819444444444444
613,0.011612157251404031,0.7826388888888889
614,0.011645193260654113,0.7826388888888889
615,0.011645193260654113,0.7840277777777778
616,0.011793855302279485,0.7840277777777778
617,0.011793855302279485,0.7847222222222222
618,0.011892963330029732,0.7847222222222222
619,0.011892963330029732,0.7854166666666667
620,0.01197555335315494,0.7854166666666667
621,0.01197555335315494,0.7861111111111111
622,0.012025107367030063,0.7861111111111111
623,0.012025107367030063,0.7868055555555555
624,0.012190287413280475,0.7868055555555555
625,0.012223323422530559,0.7868055555555555
626,0.012223323422530559,0.7875
627,0.012272877436405682,0.7875
628,0.012272877436405682,0.7881944444444444
629,0.012405021473406013,0.7881944444444444
630,0.012438057482656095,0.7881944444444444
631,0.012603237528906509,0.7881944444444444
632,0.012603237528906509,0.7888888888888889
633,0.013032705649157582,0.7888888888888889
634,0.013032705649157582,0.7895833333333333
635,0.013098777667657747,0.7895833333333333
636,0.01313181367690783,0.7895833333333333
637,0.013313511727783283,0.7895833333333333
638,0.013313511727783283,0.7902777777777777
639,0.013346547737033367,0.7902777777777777
640,0.013346547737033367,0.7909722222222222
641,0.013412619755533532,0.7909722222222222
642,0.013412619755533532,0.7916666666666666
643,0.013445655764783614,0.7916666666666666
644,0.013445655764783614,0.7923611111111111
645,0.013478691774033697,0.7923611111111111
646,0.013478691774033697,0.7930555555555555
647,0.013577799801783945,0.7930555555555555
648,0.013577799801783945,0.79375
649,0.013974231912784936,0.79375
650,0.013974231912784936,0.7944444444444444
651,0.013990749917409976,0.7944444444444444
652,0.01402378592666006,0.7944444444444444
653,0.01402378592666006,0.7958333333333333
654,0.014040303931285102,0.7958333333333333
655,0.014040303931285102,0.7965277777777777
656,0.01415592996366039,0.7965277777777777
657,0.01415592996366039,0.7972222222222223
658,0.014370664023785926,0.7972222222222223
659,0.01440370003303601,0.7972222222222223
660,0.014453254046911133,0.7972222222222223
661,0.014453254046911133,0.7979166666666667
662,0.014502808060786257,0.7979166666666667
663,0.014502808060786257,0.7986111111111112
664,0.014568880079286422,0.7986111111111112
665,0.014568880079286422,0.7993055555555556
666,0.014618434093161546,0.7993055555555556
667,0.01465147010241163,0.7993055555555556
668,0.014717542120911795,0.7993055555555556
669,0.014717542120911795,0.8
670,0.014734060125536835,0.8
671,0.014734060125536835,0.8006944444444445
672,0.014767096134786918,0.8006944444444445
673,0.014767096134786918,0.8013888888888889
674,0.01478361413941196,0.8013888888888889
675,0.01478361413941196,0.8020833333333334
676,0.014915758176412289,0.8020833333333334
677,0.014915758176412289,0.8027777777777778
678,0.015064420218037661,0.8027777777777778
679,0.015064420218037661,0.8034722222222223
680,0.015097456227287743,0.8034722222222223
681,0.015097456227287743,0.8041666666666667
682,0.015213082259663033,0.8041666666666667
683,0.015213082259663033,0.8048611111111111
684,0.015295672282788239,0.8048611111111111
685,0.015295672282788239,0.8055555555555556
686,0.015345226296663362,0.8055555555555556
687,0.015345226296663362,0.80625
688,0.015576478361413942,0.80625
689,0.015576478361413942,0.8069444444444445
690,0.015609514370664023,0.8069444444444445
691,0.015609514370664023,0.8076388888888889
692,0.01579121242153948,0.8076388888888889
693,0.01579121242153948,0.8090277777777778
694,0.01592335645853981,0.8090277777777778
695,0.01592335645853981,0.8097222222222222
696,0.016138090518665344,0.8097222222222222
697,0.016154608523290388,0.8104166666666667
698,0.016171126527915428,0.8104166666666667
699,0.016171126527915428,0.8111111111111111
700,0.01620416253716551,0.8111111111111111
701,0.01620416253716551,0.8118055555555556
702,0.016468450611166172,0.8118055555555556
703,0.016468450611166172,0.8125
704,0.016518004625041296,0.8125
705,0.016518004625041296,0.8131944444444444
706,0.016600594648166503,0.8131944444444444
707,0.016600594648166503,0.8138888888888889
708,0.01671622068054179,0.8138888888888889
709,0.01671622068054179,0.8145833333333333
710,0.016914436736042288,0.8145833333333333
711,0.016914436736042288,0.8159722222222222
712,0.01698050875454245,0.8159722222222222
713,0.01698050875454245,0.8166666666666667
714,0.01699702675916749,0.8166666666666667
715,0.017030062768417575,0.8166666666666667
716,0.017046580773042618,0.8166666666666667
717,0.017046580773042618,0.8173611111111111
718,0.017079616782292698,0.8173611111111111
719,0.017079616782292698,0.8180555555555555
720,0.017228278823918072,0.8180555555555555
721,0.017228278823918072,0.81875
722,0.01734390485629336,0.81875
723,0.01734390485629336,0.8194444444444444
724,0.0173604228609184,0.8194444444444444
725,0.0173604228609184,0.8208333333333333
726,0.017525602907168814,0.8208333333333333
727,0.017525602907168814,0.8215277777777777
728,0.017822926990419558,0.8215277777777777
729,0.017822926990419558,0.8222222222222222
730,0.017839444995044598,0.8222222222222222
731,0.017872481004294682,0.8222222222222222
732,0.01795507102741989,0.8222222222222222
733,0.01795507102741989,0.8229166666666666
734,0.01808721506442022,0.8229166666666666
735,0.01808721506442022,0.8236111111111111
736,0.01823587710604559,0.8236111111111111
737,0.01823587710604559,0.8243055555555555
738,0.018301949124545754,0.8243055555555555
739,0.018301949124545754,0.825
740,0.018318467129170797,0.825
741,0.018318467129170797,0.8256944444444444
742,0.018467129170796168,0.8256944444444444
743,0.018467129170796168,0.8263888888888888
744,0.018566237198546415,0.8263888888888888
745,0.018566237198546415,0.8270833333333333
746,0.018681863230921705,0.8270833333333333
747,0.018681863230921705,0.8277777777777777
748,0.018847043277172116,0.8277777777777777
749,0.018847043277172116,0.8284722222222223
750,0.0188800792864222,0.8284722222222223
751,0.018913115295672283,0.8284722222222223
752,0.019078295341922697,0.8284722222222223
753,0.019078295341922697,0.8291666666666667
754,0.01912784935579782,0.8291666666666667
755,0.01912784935579782,0.8298611111111112
756,0.019326065411298315,0.8298611111111112
757,0.019326065411298315,0.8305555555555556
758,0.01977205153617443,0.8305555555555556
759,0.01977205153617443,0.83125
760,0.019805087545424514,0.83125
761,0.019805087545424514,0.8319444444444445
762,0.019854641559299637,0.8319444444444445
763,0.01988767756854972,0.8319444444444445
764,0.020003303600925008,0.8319444444444445
765,0.020003303600925008,0.8326388888888889
766,0.02028410967955071,0.8326388888888889
767,0.02028410967955071,0.8333333333333334
768,0.02041625371655104,0.8333333333333334
769,0.02041625371655104,0.8340277777777778
770,0.0206805417905517,0.8340277777777778
771,0.0206805417905517,0.8347222222222223
772,0.020845721836802115,0.8347222222222223
773,0.020845721836802115,0.8354166666666667
774,0.0208787578460522,0.8354166666666667
775,0.0208787578460522,0.8361111111111111
776,0.02091179385530228,0.8361111111111111
777,0.02091179385530228,0.8368055555555556
778,0.0211595639246779,0.8368055555555556
779,0.0211595639246779,0.8375
780,0.02155599603567889,0.8375
781,0.02155599603567889,0.8381944444444445
782,0.021770730095804425,0.8381944444444445
783,0.021770730095804425,0.8388888888888889
784,0.02193591014205484,0.8388888888888889
785,0.02193591014205484,0.8395833333333333
786,0.022398414271555995,0.8395833333333333
787,0.022398414271555995,0.8402777777777778
788,0.022794846382556987,0.8402777777777778
789,0.022794846382556987,0.8409722222222222
790,0.022943508424182357,0.8409722222222222
791,0.022943508424182357,0.8416666666666667
792,0.02312520647505781,0.8416666666666667
793,0.02312520647505781,0.8423611111111111
794,0.02317476048893294,0.8423611111111111
795,0.02320779649818302,0.8423611111111111
796,0.023422530558308556,0.8423611111111111
797,0.023422530558308556,0.8430555555555556
798,0.023521638586058803,0.8430555555555556
799,0.023521638586058803,0.84375
800,0.0237198546415593,0.84375
801,0.0237198546415593,0.8444444444444444
802,0.02375289065080938,0.8444444444444444
803,0.02375289065080938,0.8451388888888889
804,0.024264948794185663,0.8451388888888889
805,0.024264948794185663,0.8458333333333333
806,0.02434753881731087,0.8458333333333333
807,0.02434753881731087,0.8472222222222222
808,0.02438057482656095,0.8472222222222222
809,0.02438057482656095,0.8479166666666667
810,0.024397092831185994,0.8479166666666667
811,0.024430128840436074,0.8479166666666667
812,0.02462834489593657,0.8479166666666667
813,0.02462834489593657,0.8486111111111111
814,0.025074331020812687,0.8486111111111111
815,0.025074331020812687,0.8493055555555555
816,0.025090849025437727,0.8493055555555555
817,0.025090849025437727,0.85
818,0.02514040303931285,0.85
819,0.02514040303931285,0.8506944444444444
820,0.02542120911793855,0.8506944444444444
821,0.02542120911793855,0.8513888888888889
822,0.025718533201189296,0.8513888888888889
823,0.025718533201189296,0.8520833333333333
824,0.025834159233564587,0.8520833333333333
825,0.025834159233564587,0.8527777777777777
826,0.025867195242814667,0.8527777777777777
827,0.025867195242814667,0.8534722222222222
828,0.02590023125206475,0.8534722222222222
829,0.02590023125206475,0.8541666666666666
830,0.02603237528906508,0.8541666666666666
831,0.02603237528906508,0.8548611111111111
832,0.02637925338619095,0.8548611111111111
833,0.02637925338619095,0.8555555555555555
834,0.026841757515692104,0.8555555555555555
835,0.026841757515692104,0.85625
836,0.026858275520317144,0.85625
837,0.026858275520317144,0.8569444444444444
838,0.02700693756194252,0.8569444444444444
839,0.02700693756194252,0.8576388888888888
840,0.027205153617443013,0.8576388888888888
841,0.027205153617443013,0.8583333333333333
842,0.02771721176081929,0.8583333333333333
843,0.02771721176081929,0.8590277777777777
844,0.02793194582094483,0.8590277777777777
845,0.02793194582094483,0.8597222222222223
846,0.02834489593657086,0.8597222222222223
847,0.02834489593657086,0.8604166666666667
848,0.028592666005946482,0.8604166666666667
849,0.028592666005946482,0.8611111111111112
850,0.02870829203832177,0.8611111111111112
851,0.02870829203832177,0.8618055555555556
852,0.028757846052196896,0.8618055555555556
853,0.028757846052196896,0.8625
854,0.028790882061446976,0.8625
855,0.028790882061446976,0.8631944444444445
856,0.028856954079947143,0.8631944444444445
857,0.028856954079947143,0.8638888888888889
858,0.028873472084572183,0.8638888888888889
859,0.028873472084572183,0.8645833333333334
860,0.029170796167822928,0.8645833333333334
861,0.029203832177073008,0.8645833333333334
862,0.02958374628344896,0.8645833333333334
863,0.02958374628344896,0.8652777777777778
864,0.029781962338949454,0.8652777777777778
865,0.029781962338949454,0.8659722222222223
866,0.02984803435744962,0.8659722222222223
867,0.02984803435744962,0.8673611111111111
868,0.030327056491575816,0.8673611111111111
869,0.030327056491575816,0.86875
870,0.030541790551701354,0.86875
871,0.030541790551701354,0.8694444444444445
872,0.030806078625702015,0.8694444444444445
873,0.030806078625702015,0.8701388888888889
874,0.0308391146349521,0.8701388888888889
875,0.0308391146349521,0.8708333333333333
876,0.0311199207135778,0.8708333333333333
877,0.0311199207135778,0.8715277777777778
878,0.031301618764453254,0.8715277777777778
879,0.031301618764453254,0.8722222222222222
880,0.03149983481995375,0.8722222222222222
881,0.03149983481995375,0.8729166666666667
882,0.031565906838453915,0.8729166666666667
883,0.031598942847703995,0.8729166666666667
884,0.03176412289395441,0.8729166666666667
885,0.03176412289395441,0.8736111111111111
886,0.03181367690782953,0.8736111111111111
887,0.03181367690782953,0.8743055555555556
888,0.03184671291707962,0.8743055555555556
889,0.03184671291707962,0.875
890,0.0318797489263297,0.875
891,0.0318797489263297,0.8756944444444444
892,0.03214403700033036,0.8756944444444444
893,0.03214403700033036,0.8763888888888889
894,0.03221010901883053,0.8763888888888889
895,0.03225966303270565,0.8763888888888889
896,0.03229269904195573,0.8763888888888889
897,0.03232573505120581,0.8763888888888889
898,0.032788239180706974,0.8763888888888889
899,0.032788239180706974,0.8770833333333333
900,0.032821275189957054,0.8770833333333333
901,0.032821275189957054,0.8777777777777778
902,0.03288734720845722,0.8777777777777778
903,0.03288734720845722,0.8784722222222222
904,0.03295341922695738,0.8784722222222222
905,0.03298645523620747,0.8784722222222222
906,0.03310208126858275,0.8784722222222222
907,0.03310208126858275,0.8791666666666667
908,0.03313511727783284,0.8791666666666667
909,0.03313511727783284,0.8798611111111111
910,0.033349851337958376,0.8798611111111111
911,0.033349851337958376,0.8805555555555555
912,0.03343244136108358,0.8805555555555555
913,0.03346547737033367,0.8805555555555555
914,0.03349851337958375,0.8805555555555555
915,0.03349851337958375,0.88125
916,0.033564585398083914,0.88125
917,0.033564585398083914,0.8819444444444444
918,0.03379583746283449,0.8819444444444444
919,0.03379583746283449,0.8826388888888889
920,0.033861909481334655,0.8826388888888889
921,0.033861909481334655,0.8833333333333333
922,0.03420878757846052,0.8833333333333333
923,0.03420878757846052,0.8840277777777777
924,0.03450611166171127,0.8840277777777777
925,0.03450611166171127,0.8847222222222222
926,0.034902543772712256,0.8847222222222222
927,0.034902543772712256,0.8854166666666666
928,0.03521638586058804,0.8854166666666666
929,0.03521638586058804,0.8861111111111111
930,0.035265939874463165,0.8861111111111111
931,0.035265939874463165,0.8875
932,0.03546415592996366,0.8875
933,0.03546415592996366,0.8881944444444444
934,0.03554674595308887,0.8881944444444444
935,0.03554674595308887,0.8895833333333333
936,0.03685166831846713,0.8895833333333333
937,0.03685166831846713,0.8902777777777777
938,0.036967294350842415,0.8902777777777777
939,0.036967294350842415,0.8909722222222223
940,0.03706640237859267,0.8909722222222223
941,0.03709943838784275,0.8909722222222223
942,0.03739676247109349,0.8909722222222223
943,0.03739676247109349,0.8916666666666667
944,0.0374793524942187,0.8916666666666667
945,0.0374793524942187,0.8923611111111112
946,0.03751238850346878,0.8923611111111112
947,0.03751238850346878,0.8930555555555556
948,0.037528906508093825,0.8930555555555556
949,0.03754542451271886,0.89375
950,0.037561942517343905,0.89375
951,0.037594978526593985,0.89375
952,0.03761149653121903,0.89375
953,0.03761149653121903,0.8944444444444445
954,0.038932936901222334,0.8944444444444445
955,0.038932936901222334,0.8951388888888889
956,0.039114634952097785,0.8951388888888889
957,0.039114634952097785,0.8958333333333334
958,0.039378923026098446,0.8958333333333334
959,0.039378923026098446,0.8972222222222223
960,0.03951106706309878,0.8972222222222223
961,0.03951106706309878,0.8979166666666667
962,0.04061777337297654,0.8979166666666667
963,0.04061777337297654,0.8986111111111111
964,0.04096465147010241,0.8986111111111111
965,0.04096465147010241,0.8993055555555556
966,0.04101420548397754,0.8993055555555556
967,0.04101420548397754,0.9
968,0.0413610835811034,0.9
969,0.041377601585728445,0.9006944444444445
970,0.041559299636603896,0.9006944444444445
971,0.04159233564585398,0.9006944444444445
972,0.041641889659729106,0.9006944444444445
973,0.041641889659729106,0.9013888888888889
974,0.04165840766435414,0.9013888888888889
975,0.04165840766435414,0.9020833333333333
976,0.042005285761480014,0.9020833333333333
977,0.042005285761480014,0.9027777777777778
978,0.042666005946481664,0.9027777777777778
979,0.042666005946481664,0.9034722222222222
980,0.042798149983482,0.9034722222222222
981,0.04283118599273208,0.9034722222222222
982,0.04312851007598282,0.9034722222222222
983,0.04312851007598282,0.9041666666666667
984,0.044962008589362404,0.9041666666666667
985,0.044962008589362404,0.9048611111111111
986,0.04499504459861249,0.9048611111111111
987,0.04499504459861249,0.9055555555555556
988,0.045044598612487614,0.9055555555555556
989,0.045044598612487614,0.90625
990,0.04514370664023786,0.90625
991,0.04514370664023786,0.9069444444444444
992,0.04517674264948794,0.9069444444444444
993,0.04517674264948794,0.9076388888888889
994,0.04547406673273868,0.9076388888888889
995,0.04547406673273868,0.9083333333333333
996,0.04575487281136439,0.9083333333333333
997,0.04575487281136439,0.9090277777777778
998,0.0459200528576148,0.9090277777777778
999,0.0459200528576148,0.9104166666666667
1000,0.046481665014866204,0.9104166666666667
1001,0.046514701024116284,0.9104166666666667
1002,0.04654773703336637,0.9104166666666667
1003,0.04658077304261645,0.9104166666666667
1004,0.046712917079616785,0.9104166666666667
1005,0.046712917079616785,0.9111111111111111
1006,0.04791873141724479,0.9111111111111111
1007,0.04791873141724479,0.9118055555555555
1008,0.04805087545424513,0.9118055555555555
1009,0.04805087545424513,0.9125
1010,0.0481995374958705,0.9125
1011,0.0481995374958705,0.9131944444444444
1012,0.04894284770399736,0.9131944444444444
1013,0.04894284770399736,0.9138888888888889
1014,0.049074991740997685,0.9138888888888889
1015,0.049074991740997685,0.9145833333333333
1016,0.04945490584737364,0.9145833333333333
1017,0.04945490584737364,0.9152777777777777
1018,0.04953749587049884,0.9152777777777777
1019,0.04953749587049884,0.9159722222222222
1020,0.04962008589362405,0.9159722222222222
1021,0.04962008589362405,0.9166666666666666
1022,0.05064420218037661,0.9166666666666666
1023,0.05064420218037661,0.9173611111111111
1024,0.05105715229600264,0.9173611111111111
1025,0.05105715229600264,0.9180555555555555
1026,0.051222332342253055,0.9180555555555555
1027,0.051222332342253055,0.91875
1028,0.05186653452262967,0.91875
1029,0.05186653452262967,0.9194444444444444
1030,0.05209778658738024,0.9194444444444444
1031,0.05209778658738024,0.9201388888888888
1032,0.05264288074000661,0.9201388888888888
1033,0.05264288074000661,0.9208333333333333
1034,0.05432771721176082,0.9208333333333333
1035,0.05432771721176082,0.9215277777777777
1036,0.055698711595639244,0.9215277777777777
1037,0.055698711595639244,0.9222222222222223
1038,0.05698711595639247,0.9222222222222223
1039,0.05698711595639247,0.9229166666666667
1040,0.05769739015526924,0.9229166666666667
1041,0.05769739015526924,0.9236111111111112
1042,0.059200528576148,0.9236111111111112
1043,0.059200528576148,0.9243055555555556
1044,0.05923356458539809,0.9243055555555556
1045,0.05964651470102412,0.9243055555555556
1046,0.0596795507102742,0.9243055555555556
1047,0.06035678889990089,0.9243055555555556
1048,0.06038982490915097,0.9243055555555556
1049,0.06080277502477701,0.9243055555555556
1050,0.06080277502477701,0.925
1051,0.06351172778328378,0.925
1052,0.06354476379253386,0.925
1053,0.06366038982490915,0.925
1054,0.06369342583415924,0.925
1055,0.06486620416253716,0.925
1056,0.06486620416253716,0.9256944444444445
1057,0.06521308225966303,0.9256944444444445
1058,0.06524611826891312,0.9256944444444445
1059,0.06641889659729104,0.9256944444444445
1060,0.06645193260654113,0.9256944444444445
1061,0.06656755863891642,0.9256944444444445
1062,0.06656755863891642,0.9263888888888889
1063,0.06673273868516683,0.9263888888888889
1064,0.06673273868516683,0.9270833333333334
1065,0.06681532870829204,0.9270833333333334
1066,0.06681532870829204,0.9277777777777778
1067,0.06691443673604229,0.9277777777777778
1068,0.06691443673604229,0.9284722222222223
1069,0.06742649487941857,0.9284722222222223
1070,0.06745953088866864,0.9284722222222223
1071,0.06749256689791873,0.9284722222222223
1072,0.06749256689791873,0.9291666666666667
1073,0.06765774694416915,0.9291666666666667
1074,0.06765774694416915,0.9298611111111111
1075,0.06769078295341922,0.9298611111111111
1076,0.06772381896266931,0.9298611111111111
1077,0.06816980508754543,0.9298611111111111
1078,0.06816980508754543,0.9305555555555556
1079,0.06826891311529568,0.9305555555555556
1080,0.06830194912454575,0.9305555555555556
1081,0.06851668318467129,0.9305555555555556
1082,0.06851668318467129,0.93125
1083,0.06921043937892303,0.93125
1084,0.06921043937892303,0.9319444444444445
1085,0.06922695738354807,0.9319444444444445
1086,0.06922695738354807,0.9326388888888889
1087,0.06998678559629996,0.9326388888888889
1088,0.07001982160555005,0.9326388888888889
1089,0.07074661380905187,0.9326388888888889
1090,0.07074661380905187,0.9333333333333333
1091,0.0710769739015527,0.9333333333333333
1092,0.07111000991080277,0.9333333333333333
1093,0.07117608192930294,0.9333333333333333
1094,0.07117608192930294,0.9340277777777778
1095,0.07244796828543112,0.9340277777777778
1096,0.0724810042946812,0.9340277777777778
1097,0.07297654443343245,0.9340277777777778
1098,0.07297654443343245,0.9347222222222222
1099,0.0732408325074331,0.9347222222222222
1100,0.0732408325074331,0.9354166666666667
1101,0.07378592666005947,0.9354166666666667
1102,0.07378592666005947,0.9361111111111111
1103,0.07556987115956393,0.9361111111111111
1104,0.07556987115956393,0.9368055555555556
1105,0.07588371324743971,0.9368055555555556
1106,0.07588371324743971,0.9375
1107,0.07598282127518996,0.9375
1108,0.07598282127518996,0.9381944444444444
1109,0.07601585728444003,0.9381944444444444
1110,0.07601585728444003,0.9388888888888889
1111,0.07654443343244136,0.9388888888888889
1112,0.07657746944169144,0.9388888888888889
1113,0.07789890981169474,0.9388888888888889
1114,0.07789890981169474,0.9395833333333333
1115,0.0784770399735712,0.9395833333333333
1116,0.0784770399735712,0.9402777777777778
1117,0.07984803435744962,0.9402777777777778
1118,0.07984803435744962,0.9409722222222222
1119,0.07989758837132474,0.9409722222222222
1120,0.07989758837132474,0.9416666666666667
1121,0.08040964651470102,0.9416666666666667
1122,0.08040964651470102,0.9423611111111111
1123,0.08145028080607862,0.9423611111111111
1124,0.08148331681532871,0.9423611111111111
1125,0.08214403700033036,0.9423611111111111
1126,0.08214403700033036,0.9430555555555555
1127,0.08245787908820615,0.9430555555555555
1128,0.08249091509745622,0.9430555555555555
1129,0.08325074331020813,0.9430555555555555
1130,0.08325074331020813,0.94375
1131,0.08331681532870829,0.94375
1132,0.08331681532870829,0.9444444444444444
1133,0.08363065741658407,0.9444444444444444
1134,0.08363065741658407,0.9451388888888889
1135,0.08571192599933929,0.9451388888888889
1136,0.08574496200858936,0.9451388888888889
1137,0.08686818632309216,0.9451388888888889
1138,0.08686818632309216,0.9458333333333333
1139,0.08703336636934259,0.9458333333333333
1140,0.08703336636934259,0.9465277777777777
1141,0.08822266270234555,0.9465277777777777
1142,0.08822266270234555,0.9472222222222222
1143,0.08980839114634952,0.9472222222222222
1144,0.08980839114634952,0.9479166666666666
1145,0.08992401717872481,0.9479166666666666
1146,0.0899570531879749,0.9479166666666666
1147,0.09170796167822927,0.9479166666666666
1148,0.09174099768747936,0.9479166666666666
1149,0.09289725801123225,0.9479166666666666
1150,0.09289725801123225,0.9486111111111111
1151,0.09301288404360754,0.9486111111111111
1152,0.09301288404360754,0.9493055555555555
1153,0.09334324413610835,0.9493055555555555
1154,0.09334324413610835,0.95
1155,0.09433432441361084,0.95
1156,0.09436736042286092,0.95
1157,0.09575487281136438,0.95
1158,0.09577139081598943,0.9506944444444444
1159,0.09598612487611496,0.9506944444444444
1160,0.09598612487611496,0.9513888888888888
1161,0.09608523290386521,0.9513888888888888
1162,0.09608523290386521,0.9520833333333333
1163,0.09658077304261645,0.9520833333333333
1164,0.09661380905186653,0.9520833333333333
1165,0.09816650148662041,0.9520833333333333
1166,0.09816650148662041,0.9527777777777777
1167,0.098397753551371,0.9527777777777777
1168,0.098397753551371,0.9534722222222223
1169,0.09846382556987116,0.9534722222222223
1170,0.09849686157912124,0.9534722222222223
1171,0.09902543772712256,0.9534722222222223
1172,0.09905847373637265,0.9534722222222223
1173,0.09988437396762471,0.9534722222222223
1174,0.09991740997687479,0.9534722222222223
1175,0.10034687809712586,0.9534722222222223
1176,0.10034687809712586,0.9541666666666667
1177,0.100396432111001,0.9541666666666667
1178,0.10042946812025107,0.9541666666666667
1179,0.10137099438387842,0.9541666666666667
1180,0.10140403039312851,0.9541666666666667
1181,0.10237859266600595,0.9541666666666667
1182,0.10241162867525602,0.9541666666666667
1183,0.10315493888338288,0.9541666666666667
1184,0.10315493888338288,0.9548611111111112
1185,0.10414601916088537,0.9548611111111112
1186,0.10414601916088537,0.9555555555555556
1187,0.10452593326726131,0.9555555555555556
1188,0.1045589692765114,0.9555555555555556
1189,0.1048397753551371,0.9555555555555556
1190,0.10485629335976214,0.95625
1191,0.10515361744301288,0.95625
1192,0.10515361744301288,0.9576388888888889
1193,0.10546745953088867,0.9576388888888889
1194,0.10546745953088867,0.9583333333333334
1195,0.10619425173439048,0.9583333333333334
1196,0.10622728774364057,0.9583333333333334
1197,0.10680541790551701,0.9583333333333334
1198,0.1068384539147671,0.9583333333333334
1199,0.10799471423851999,0.9583333333333334
1200,0.10799471423851999,0.9590277777777778
1201,0.11048893293690122,0.9590277777777778
1202,0.11048893293690122,0.9597222222222223
1203,0.11076973901552692,0.9597222222222223
1204,0.110802775024777,0.9597222222222223
1205,0.11113313511727783,0.9597222222222223
1206,0.11116617112652792,0.9597222222222223
1207,0.11146349520977866,0.9597222222222223
1208,0.11149653121902874,0.9597222222222223
1209,0.11225635943178064,0.9597222222222223
1210,0.11228939544103073,0.9597222222222223
1211,0.11278493557978196,0.9597222222222223
1212,0.11281797158903205,0.9597222222222223
1213,0.11379253386190948,0.9597222222222223
1214,0.11382556987115956,0.9597222222222223
1215,0.11531219028741328,0.9597222222222223
1216,0.11531219028741328,0.9604166666666667
1217,0.11560951437066402,0.9604166666666667
1218,0.11560951437066402,0.9611111111111111
1219,0.1181202510736703,0.9611111111111111
1220,0.1181202510736703,0.9618055555555556
1221,0.1184836471754212,0.9618055555555556
1222,0.1184836471754212,0.9625
1223,0.11869838123554674,0.9625
1224,0.11873141724479683,0.9625
1225,0.1194416914436736,0.9625
1226,0.1194416914436736,0.9638888888888889
1227,0.1200363396101751,0.9638888888888889
1228,0.1200363396101751,0.9645833333333333
1229,0.12028410967955071,0.9645833333333333
1230,0.1203171456888008,0.9645833333333333
1231,0.12160555004955402,0.9645833333333333
1232,0.12160555004955402,0.9652777777777778
1233,0.1241988767756855,0.9652777777777778
1234,0.12423191278493557,0.9652777777777778
1235,0.12490915097456227,0.9652777777777778
1236,0.12494218698381236,0.9652777777777778
1237,0.12813016187644533,0.9652777777777778
1238,0.1281631978856954,0.9652777777777778
1239,0.1302775024777007,0.9652777777777778
1240,0.1303105384869508,0.9652777777777778
1241,0.13249091509745622,0.9652777777777778
1242,0.13249091509745622,0.9659722222222222
1243,0.1332342253055831,0.9659722222222222
1244,0.13326726131483316,0.9659722222222222
1245,0.13450611166171125,0.9659722222222222
1246,0.13453914767096134,0.9659722222222222
1247,0.1346382556987116,0.9659722222222222
1248,0.1346382556987116,0.9666666666666667
1249,0.13498513379583746,0.9666666666666667
1250,0.13501816980508755,0.9666666666666667
1251,0.13549719193921375,0.9666666666666667
1252,0.13549719193921375,0.9673611111111111
1253,0.1357614800132144,0.9673611111111111
1254,0.1357614800132144,0.9680555555555556
1255,0.1360753221010902,0.9680555555555556
1256,0.1360753221010902,0.96875
1257,0.1367195242814668,0.96875
1258,0.1367195242814668,0.9694444444444444
1259,0.13713247439709284,0.9694444444444444
1260,0.13716551040634292,0.9694444444444444
1261,0.13766105054509414,0.9694444444444444
1262,0.13769408655434423,0.9694444444444444
1263,0.1382391807069706,0.9694444444444444
1264,0.13827221671622067,0.9694444444444444
1265,0.1388338288734721,0.9694444444444444
1266,0.13886686488272218,0.9694444444444444
1267,0.13923026098447308,0.9694444444444444
1268,0.13923026098447308,0.9701388888888889
1269,0.13979187314172448,0.9701388888888889
1270,0.13979187314172448,0.9708333333333333
1271,0.1409150974562273,0.9708333333333333
1272,0.14094813346547738,0.9708333333333333
1273,0.14117938553022794,0.9708333333333333
1274,0.14117938553022794,0.9715277777777778
1275,0.14197224975222994,0.9715277777777778
1276,0.14197224975222994,0.9722222222222222
1277,0.14243475388173107,0.9722222222222222
1278,0.14246778989098116,0.9722222222222222
1279,0.1429633300297324,0.9722222222222222
1280,0.1429633300297324,0.9729166666666667
1281,0.14337628014535844,0.9729166666666667
1282,0.14337628014535844,0.9736111111111111
1283,0.14499504459861248,0.9736111111111111
1284,0.14502808060786257,0.9736111111111111
1285,0.1451602246448629,0.9736111111111111
1286,0.14519326065411298,0.9736111111111111
1287,0.1474397092831186,0.9736111111111111
1288,0.14747274529236867,0.9736111111111111
1289,0.14838123554674595,0.9736111111111111
1290,0.14838123554674595,0.9743055555555555
1291,0.1488767756854972,0.9743055555555555
1292,0.14890981169474726,0.9743055555555555
1293,0.1489263296993723,0.9743055555555555
1294,0.1489263296993723,0.9756944444444444
1295,0.14986785596299967,0.9756944444444444
1296,0.14990089197224976,0.9756944444444444
1297,0.15170135447637925,0.9756944444444444
1298,0.15170135447637925,0.9763888888888889
1299,0.1530393128510076,0.9763888888888889
1300,0.1530393128510076,0.9770833333333333
1301,0.15393128510075982,0.9770833333333333
1302,0.1539643211100099,0.9770833333333333
1303,0.15507102741988768,0.9770833333333333
1304,0.15510406342913777,0.9770833333333333
1305,0.16114965312190288,0.9770833333333333
1306,0.16118268913115297,0.9770833333333333
1307,0.1613974231912785,0.9770833333333333
1308,0.16143045920052856,0.9770833333333333
1309,0.16200858936240503,0.9770833333333333
1310,0.1620416253716551,0.9770833333333333
1311,0.1625206475057813,0.9770833333333333
1312,0.16255368351503138,0.9770833333333333
1313,0.1652791542781632,0.9770833333333333
1314,0.16531219028741329,0.9770833333333333
1315,0.1654443343244136,0.9770833333333333
1316,0.1654773703336637,0.9770833333333333
1317,0.1669639907499174,0.9770833333333333
1318,0.1669639907499174,0.9777777777777777
1319,0.16774033696729435,0.9777777777777777
1320,0.16777337297654443,0.9777777777777777
1321,0.16790551701354475,0.9777777777777777
1322,0.16793855302279484,0.9777777777777777
1323,0.16838453914767096,0.9777777777777777
1324,0.16841757515692105,0.9777777777777777
1325,0.16848364717542122,0.9777777777777777
1326,0.16851668318467128,0.9777777777777777
1327,0.16854971919392137,0.9777777777777777
1328,0.16858275520317145,0.9777777777777777
1329,0.1694747274529237,0.9777777777777777
1330,0.16950776346217378,0.9777777777777777
1331,0.17249752229930623,0.9777777777777777
1332,0.17253055830855632,0.9777777777777777
1333,0.17342253055830856,0.9777777777777777
1334,0.17342253055830856,0.9784722222222222
1335,0.17443012884043607,0.9784722222222222
1336,0.17446316484968616,0.9784722222222222
1337,0.18034357449620086,0.9784722222222222
1338,0.18037661050545095,0.9784722222222222
1339,0.18154938883382887,0.9784722222222222
1340,0.18156590683845392,0.9791666666666666
1341,0.1816319788569541,0.9791666666666666
1342,0.18166501486620415,0.9791666666666666
1343,0.1825569871159564,0.9791666666666666
1344,0.1825569871159564,0.9798611111111111
1345,0.1826395771390816,0.9798611111111111
1346,0.1826726131483317,0.9798611111111111
1347,0.18379583746283448,0.9798611111111111
1348,0.18379583746283448,0.9805555555555555
1349,0.18453914767096136,0.9805555555555555
1350,0.18453914767096136,0.98125
1351,0.18493557978196234,0.98125
1352,0.18496861579121243,0.98125
1353,0.18625702015196563,0.98125
1354,0.18629005616121572,0.98125
1355,0.18642220019821606,0.98125
1356,0.18645523620746615,0.98125
1357,0.18932936901222333,0.98125
1358,0.18936240502147342,0.98125
1359,0.18937892302609843,0.98125
1360,0.18937892302609843,0.9819444444444444
1361,0.1897918731417245,0.9819444444444444
1362,0.18982490915097455,0.9819444444444444
1363,0.190799471423852,0.9819444444444444
1364,0.190799471423852,0.9826388888888888
1365,0.1924347538817311,0.9826388888888888
1366,0.1924347538817311,0.9833333333333333
1367,0.1929633300297324,0.9833333333333333
1368,0.1929963660389825,0.9833333333333333
1369,0.1938387842748596,0.9833333333333333
1370,0.19387182028410968,0.9833333333333333
1371,0.19418566237198545,0.9833333333333333
1372,0.19421869838123554,0.9833333333333333
1373,0.19631648496861578,0.9833333333333333
1374,0.19631648496861578,0.9840277777777777
1375,0.1978031053848695,0.9840277777777777
1376,0.1978361413941196,0.9840277777777777
1377,0.1992401717872481,0.9840277777777777
1378,0.19927320779649818,0.9840277777777777
1379,0.1994383878427486,0.9840277777777777
1380,0.19947142385199867,0.9840277777777777
1381,0.19966963990749917,0.9840277777777777
1382,0.19970267591674926,0.9840277777777777
1383,0.20026428807400065,0.9840277777777777
1384,0.20026428807400065,0.9847222222222223
1385,0.20057813016187645,0.9847222222222223
1386,0.20061116617112654,0.9847222222222223
1387,0.2021968946151305,0.9847222222222223
1388,0.20222993062438058,0.9847222222222223
1389,0.20411298315163529,0.9847222222222223
1390,0.20414601916088537,0.9847222222222223
1391,0.20445986124876114,0.9847222222222223
1392,0.20449289725801123,0.9847222222222223
1393,0.20480673934588703,0.9847222222222223
1394,0.2048397753551371,0.9847222222222223
1395,0.20546745953088866,0.9847222222222223
1396,0.20546745953088866,0.9854166666666667
1397,0.20594648166501486,0.9854166666666667
1398,0.20594648166501486,0.9861111111111112
1399,0.20726792203501818,0.9861111111111112
1400,0.20730095804426826,0.9861111111111112
1401,0.20782953419226957,0.9861111111111112
1402,0.20786257020151966,0.9861111111111112
1403,0.2080442682523951,0.9861111111111112
1404,0.2080773042616452,0.9861111111111112
1405,0.20878757846052196,0.9861111111111112
1406,0.20878757846052196,0.9868055555555556
1407,0.2100429468120251,0.9868055555555556
1408,0.2100429468120251,0.9875
1409,0.21053848695077634,0.9875
1410,0.21057152296002643,0.9875
1411,0.2110835811034027,0.9875
1412,0.21111661711265278,0.9875
1413,0.21177733729765444,0.9875
1414,0.21181037330690453,0.9875
1415,0.21658407664354146,0.9875
1416,0.21661711265279154,0.9875
1417,0.21772381896266932,0.9875
1418,0.2177568549719194,0.9875
1419,0.21959035348529898,0.9875
1420,0.21962338949454907,0.9875
1421,0.2204823257350512,0.9875
1422,0.22051536174430128,0.9875
1423,0.2212421539478031,0.9875
1424,0.2212751899570532,0.9875
1425,0.2218368021143046,0.9875
1426,0.22186983812355468,0.9875
1427,0.2230426164519326,0.9875
1428,0.2230426164519326,0.9881944444444445
1429,0.2245622728774364,0.9881944444444445
1430,0.2245953088866865,0.9881944444444445
1431,0.22464486290056163,0.9881944444444445
1432,0.22467789890981169,0.9881944444444445
1433,0.22765113974231913,0.9881944444444445
1434,0.2276841757515692,0.9881944444444445
1435,0.22770069375619426,0.9881944444444445
1436,0.22770069375619426,0.9888888888888889
1437,0.23034357449620085,0.9888888888888889
1438,0.23037661050545094,0.9888888888888889
1439,0.23633961017509084,0.9888888888888889
1440,0.23637264618434092,0.9888888888888889
1441,0.23698381235546745,0.9888888888888889
1442,0.23698381235546745,0.9895833333333334
1443,0.23809051866534522,0.9895833333333334
1444,0.2381235546745953,0.9895833333333334
1445,0.2402048232573505,0.9895833333333334
1446,0.2402378592666006,0.9895833333333334
1447,0.2416749256689792,0.9895833333333334
1448,0.24170796167822928,0.9895833333333334
1449,0.24309547406673274,0.9895833333333334
1450,0.24312851007598282,0.9895833333333334
1451,0.2513214403700033,0.9895833333333334
1452,0.2513544763792534,0.9895833333333334
1453,0.2518004625041295,0.9895833333333334
1454,0.2518334985133796,0.9895833333333334
1455,0.2521143045920053,0.9895833333333334
1456,0.2521473406012554,0.9895833333333334
1457,0.253204492897258,0.9895833333333334
1458,0.2532375289065081,0.9895833333333334
1459,0.25338619094813347,0.9895833333333334
1460,0.25341922695738356,0.9895833333333334
1461,0.25366699702675916,0.9895833333333334
1462,0.25370003303600924,0.9895833333333334
1463,0.2550710274198877,0.9895833333333334
1464,0.2551040634291378,0.9895833333333334
1465,0.2559134456557648,0.9895833333333334
1466,0.2559464816650149,0.9895833333333334
1467,0.26238850346878095,0.9895833333333334
1468,0.26242153947803104,0.9895833333333334
1469,0.2633961017509085,0.9895833333333334
1470,0.2634291377601586,0.9895833333333334
1471,0.2635117277832838,0.9895833333333334
1472,0.2635447637925339,0.9895833333333334
1473,0.26658407664354145,0.9895833333333334
1474,0.2666501486620416,0.9895833333333334
1475,0.2667492566897919,0.9895833333333334
1476,0.26678229269904197,0.9895833333333334
1477,0.2719028741328048,0.9895833333333334
1478,0.2719359101420548,0.9895833333333334
1479,0.27421539478031054,0.9895833333333334
1480,0.2742484307895606,0.9895833333333334
1481,0.27477700693756196,0.9895833333333334
1482,0.27481004294681205,0.9895833333333334
1483,0.2798480343574496,0.9895833333333334
1484,0.2798810703666997,0.9895833333333334
1485,0.283614139411959,0.9895833333333334
1486,0.283614139411959,0.9902777777777778
1487,0.28374628344895936,0.9902777777777778
1488,0.28377931945820944,0.9902777777777778
1489,0.28440700363396104,0.9902777777777778
1490,0.2844400396432111,0.9902777777777778
1491,0.2860753221010902,0.9902777777777778
1492,0.28610835811034024,0.9902777777777778
1493,0.28772712256359434,0.9902777777777778
1494,0.2877601585728444,0.9902777777777778
1495,0.2892798149983482,0.9902777777777778
1496,0.2893128510075983,0.9902777777777778
1497,0.29020482325735053,0.9902777777777778
1498,0.2902378592666006,0.9902777777777778
1499,0.2906342913776016,0.9902777777777778
1500,0.2906673273868517,0.9902777777777778
1501,0.29159233564585396,0.9902777777777778
1502,0.29162537165510405,0.9902777777777778
1503,0.29276511397423194,0.9902777777777778
1504,0.29279814998348197,0.9902777777777778
1505,0.294400396432111,0.9902777777777778
1506,0.2944334324413611,0.9902777777777778
1507,0.29478031053848697,0.9902777777777778
1508,0.29481334654773705,0.9902777777777778
1509,0.29550710274198877,0.9902777777777778
1510,0.29554013875123886,0.9902777777777778
1511,0.2969772051536174,0.9902777777777778
1512,0.2970102411628675,0.9902777777777778
1513,0.2970763131813677,0.9902777777777778
1514,0.29710934919061777,0.9902777777777778
1515,0.29768747935249423,0.9902777777777778
1516,0.2977205153617443,0.9902777777777778
1517,0.29810042946812026,0.9902777777777778
1518,0.29816650148662044,0.9902777777777778
1519,0.30158572844400394,0.9902777777777778
1520,0.30161876445325403,0.9902777777777778
1521,0.30173439048562933,0.9902777777777778
1522,0.3017674264948794,0.9902777777777778
1523,0.30320449289725804,0.9902777777777778
1524,0.30323752890650807,0.9902777777777778
1525,0.30393128510075984,0.9902777777777778
1526,0.3039643211100099,0.9902777777777778
1527,0.3050379914106376,0.9902777777777778
1528,0.3050875454245127,0.9902777777777778
1529,0.30609514370664026,0.9902777777777778
1530,0.30612817971589035,0.9902777777777778
1531,0.3085067723818963,0.9902777777777778
1532,0.30853980839114636,0.9902777777777778
1533,0.31171126527915427,0.9902777777777778
1534,0.31174430128840436,0.9902777777777778
1535,0.3123554674595309,0.9902777777777778
1536,0.312388503468781,0.9902777777777778
1537,0.31250412950115625,0.9902777777777778
1538,0.31253716551040633,0.9902777777777778
1539,0.3126032375289065,0.9902777777777778
1540,0.3126362735381566,0.9902777777777778
1541,0.3138090518665345,0.9902777777777778
1542,0.3138420878757846,0.9902777777777778
1543,0.31413941195903533,0.9902777777777778
1544,0.3141724479682854,0.9902777777777778
1545,0.31433762801453585,0.9902777777777778
1546,0.31433762801453585,0.9909722222222223
1547,0.31645193260654114,0.9909722222222223
1548,0.31648496861579123,0.9909722222222223
1549,0.31711265279154277,0.9909722222222223
1550,0.31714568880079286,0.9909722222222223
1551,0.318004625041295,0.9909722222222223
1552,0.3180376610505451,0.9909722222222223
1553,0.3181202510736703,0.9909722222222223
1554,0.3181532870829204,0.9909722222222223
1555,0.3203006276841758,0.9909722222222223
1556,0.3203336636934258,0.9909722222222223
1557,0.3218368021143046,0.9909722222222223
1558,0.3218698381235547,0.9909722222222223
1559,0.3230756524611827,0.9909722222222223
1560,0.3231086884704328,0.9909722222222223
1561,0.32454575487281134,0.9909722222222223
1562,0.32457879088206143,0.9909722222222223
1563,0.3245953088866865,0.9909722222222223
1564,0.32462834489593656,0.9909722222222223
1565,0.32477700693756195,0.9909722222222223
1566,0.32481004294681204,0.9909722222222223
1567,0.3258506772381896,0.9909722222222223
1568,0.3258837132474397,0.9909722222222223
1569,0.3264783614139412,0.9909722222222223
1570,0.3265113974231913,0.9909722222222223
1571,0.3268747935249422,0.9909722222222223
1572,0.3269078295341923,0.9909722222222223
1573,0.327601585728444,0.9909722222222223
1574,0.3276346217376941,0.9909722222222223
1575,0.3278823918070697,0.9909722222222223
1576,0.3278823918070697,0.9916666666666667
1577,0.327998017839445,0.9916666666666667
1578,0.3280310538486951,0.9916666666666667
1579,0.32842748595969606,0.9916666666666667
1580,0.32846052196894615,0.9916666666666667
1581,0.32897258011232244,0.9916666666666667
1582,0.32900561612157253,0.9916666666666667
1583,0.3307400066072019,0.9916666666666667
1584,0.3307730426164519,0.9916666666666667
1585,0.33133465477370333,0.9916666666666667
1586,0.3313676907829534,0.9916666666666667
1587,0.33259002312520647,0.9916666666666667
1588,0.33262305913445656,0.9916666666666667
1589,0.3328212751899571,0.9916666666666667
1590,0.3328543111992071,0.9916666666666667
1591,0.33374628344895935,0.9916666666666667
1592,0.33377931945820943,0.9916666666666667
1593,0.33397753551370996,0.9916666666666667
1594,0.33397753551370996,0.9923611111111111
1595,0.3340601255368352,0.9923611111111111
1596,0.33409316154608526,0.9923611111111111
1597,0.3375619425173439,0.9923611111111111
1598,0.337594978526594,0.9923611111111111
1599,0.33842087875784604,0.9923611111111111
1600,0.33845391476709613,0.9923611111111111
1601,0.3386686488272217,0.9923611111111111
1602,0.33870168483647173,0.9923611111111111
1603,0.33970928311859927,0.9923611111111111
1604,0.33974231912784936,0.9923611111111111
1605,0.3403039312851008,0.9923611111111111
1606,0.34033696729435087,0.9923611111111111
1607,0.340403039312851,0.9923611111111111
1608,0.3404360753221011,0.9923611111111111
1609,0.34078295341922693,0.9923611111111111
1610,0.340815989428477,0.9923611111111111
1611,0.3438057482656095,0.9923611111111111
1612,0.3438387842748596,0.9923611111111111
1613,0.34397092831185994,0.9923611111111111
1614,0.34400396432111,0.9923611111111111
1615,0.3449620085893624,0.9923611111111111
1616,0.34499504459861247,0.9923611111111111
1617,0.34762140733399405,0.9923611111111111
1618,0.34765444334324414,0.9923611111111111
1619,0.3476709613478692,0.9923611111111111
1620,0.34770399735711927,0.9923611111111111
1621,0.34828212751899573,0.9923611111111111
1622,0.34831516352824576,0.9923611111111111
1623,0.3499008919722498,0.9923611111111111
1624,0.34993392798149986,0.9923611111111111
1625,0.3499504459861249,0.9923611111111111
1626,0.34998348199537493,0.9923611111111111
1627,0.35082590023125204,0.9923611111111111
1628,0.35085893624050213,0.9923611111111111
1629,0.3509580442682524,0.9923611111111111
1630,0.3509910802775025,0.9923611111111111
1631,0.3537991410637595,0.9923611111111111
1632,0.3537991410637595,0.9930555555555556
1633,0.35434423521638586,0.9930555555555556
1634,0.35437727122563595,0.9930555555555556
1635,0.35601255368351503,0.9930555555555556
1636,0.3560455896927651,0.9930555555555556
1637,0.35710274198876774,0.9930555555555556
1638,0.3571357779980178,0.9930555555555556
1639,0.357201850016518,0.9930555555555556
1640,0.3572348860257681,0.9930555555555556
1641,0.3610670630987777,0.9930555555555556
1642,0.3610670630987777,0.99375
1643,0.3610835811034027,0.99375
1644,0.3611166171126528,0.99375
1645,0.3621737694086554,0.99375
1646,0.3622068054179055,0.99375
1647,0.3624876114965312,0.99375
1648,0.3625206475057813,0.99375
1649,0.37082920383217705,0.99375
1650,0.37086223984142713,0.99375
1651,0.3712586719524281,0.99375
1652,0.3712917079616782,0.99375
1653,0.3726461843409316,0.99375
1654,0.3726792203501817,0.99375
1655,0.37492566897918733,0.99375
1656,0.3749587049884374,0.99375
1657,0.37570201519656427,0.99375
1658,0.37573505120581435,0.99375
1659,0.3769904195573175,0.99375
1660,0.3770234555665676,0.99375
1661,0.3773538156590684,0.99375
1662,0.3773868516683185,0.99375
1663,0.3775685497191939,0.99375
1664,0.3775685497191939,0.9944444444444445
1665,0.3792864222001982,0.9944444444444445
1666,0.3793194582094483,0.9944444444444445
1667,0.37963330029732406,0.9944444444444445
1668,0.37966633630657415,0.9944444444444445
1669,0.38116947472745294,0.9944444444444445
1670,0.381202510736703,0.9944444444444445
1671,0.38386190948133464,0.9944444444444445
1672,0.38386190948133464,0.9951388888888889
1673,0.3858275520317146,0.9951388888888889
1674,0.3858605880409646,0.9951388888888889
1675,0.3868847043277172,0.9951388888888889
1676,0.3869177403369673,0.9951388888888889
1677,0.38799141063759496,0.9951388888888889
1678,0.38802444664684504,0.9951388888888889
1679,0.38814007267922035,0.9951388888888889
1680,0.38817310868847044,0.9951388888888889
1681,0.3887512388503469,0.9951388888888889
1682,0.38878427485959693,0.9951388888888889
1683,0.38923026098447305,0.9951388888888889
1684,0.38926329699372314,0.9951388888888889
1685,0.39345887016848363,0.9951388888888889
1686,0.3934919061777337,0.9951388888888889
1687,0.3955566567558639,0.9951388888888889
1688,0.39558969276511396,0.9951388888888889
1689,0.3969276511397423,0.9951388888888889
1690,0.3969606871489924,0.9951388888888889
1691,0.4001651800462504,0.9951388888888889
1692,0.4001982160555005,0.9951388888888889
1693,0.40150313842087876,0.9951388888888889
1694,0.40153617443012884,0.9951388888888889
1695,0.4017674264948794,0.9951388888888889
1696,0.4018004625041295,0.9951388888888889
1697,0.4019491245457549,0.9951388888888889
1698,0.40198216055500496,0.9951388888888889
1699,0.40237859266600595,0.9951388888888889
1700,0.40241162867525604,0.9951388888888889
1701,0.4029732408325074,0.9951388888888889
1702,0.4030062768417575,0.9951388888888889
1703,0.4035183349851338,0.9951388888888889
1704,0.4035183349851338,0.9958333333333333
1705,0.40525272547076313,0.9958333333333333
1706,0.4052857614800132,0.9958333333333333
1707,0.4055665675586389,0.9958333333333333
1708,0.405599603567889,0.9958333333333333
1709,0.4061116617112653,0.9958333333333333
1710,0.40614469772051537,0.9958333333333333
1711,0.4072348860257681,0.9958333333333333
1712,0.40726792203501816,0.9958333333333333
1713,0.4086719524281467,0.9958333333333333
1714,0.4087049884373968,0.9958333333333333
1715,0.41101750908490253,0.9958333333333333
1716,0.4110505450941526,0.9958333333333333
1717,0.4125041295011563,0.9958333333333333
1718,0.41253716551040637,0.9958333333333333
1719,0.41382556987115954,0.9958333333333333
1720,0.4138586058804096,0.9958333333333333
1721,0.41498183019491247,0.9958333333333333
1722,0.41501486620416256,0.9958333333333333
1723,0.41843409316154606,0.9958333333333333
1724,0.41846712917079615,0.9958333333333333
1725,0.41990419557317477,0.9958333333333333
1726,0.41993723158242485,0.9958333333333333
1727,0.42051536174430126,0.9958333333333333
1728,0.42054839775355135,0.9958333333333333
1729,0.42266270234555664,0.9958333333333333
1730,0.4226957383548067,0.9958333333333333
1731,0.4256359431780641,0.9958333333333333
1732,0.42566897918731417,0.9958333333333333
1733,0.4259167492566898,0.9958333333333333
1734,0.42594978526593985,0.9958333333333333
1735,0.4262801453584407,0.9958333333333333
1736,0.4262801453584407,0.9965277777777778
1737,0.4267426494879419,0.9965277777777778
1738,0.4267756854971919,0.9965277777777778
1739,0.42798149983482,0.9965277777777778
1740,0.42801453584407,0.9965277777777778
1741,0.42986455236207466,0.9965277777777778
1742,0.42989758837132475,0.9965277777777778
1743,0.4315659068384539,0.9965277777777778
1744,0.431598942847704,0.9965277777777778
1745,0.4316650148662042,0.9965277777777778
1746,0.43169805087545426,0.9965277777777778
1747,0.43212751899570534,0.9965277777777778
1748,0.4321605550049554,0.9965277777777778
1749,0.4326891311529567,0.9965277777777778
1750,0.4327221671622068,0.9965277777777778
1751,0.4338949454905847,0.9965277777777778
1752,0.4339279814998348,0.9965277777777778
1753,0.43453914767096136,0.9965277777777778
1754,0.43457218368021144,0.9965277777777778
1755,0.4364882722167162,0.9965277777777778
1756,0.4365213082259663,0.9965277777777778
1757,0.43698381235546746,0.9965277777777778
1758,0.43701684836471755,0.9965277777777778
1759,0.4370664023785927,0.9965277777777778
1760,0.43709943838784276,0.9965277777777778
1761,0.43855302279484637,0.9965277777777778
1762,0.43858605880409646,0.9965277777777778
1763,0.43873472084572185,0.9965277777777778
1764,0.43876775685497194,0.9965277777777778
1765,0.43979187314172447,0.9965277777777778
1766,0.43982490915097455,0.9965277777777778
1767,0.4400726792203502,0.9965277777777778
1768,0.4401057152296003,0.9965277777777778
1769,0.4429633300297324,0.9965277777777778
1770,0.4429963660389825,0.9965277777777778
1771,0.4435249421869838,0.9965277777777778
1772,0.4435579781962339,0.9965277777777778
1773,0.4448463825569871,0.9965277777777778
1774,0.4448794185662372,0.9965277777777778
1775,0.4456888007928642,0.9965277777777778
1776,0.4457218368021143,0.9965277777777778
1777,0.4487611496531219,0.9965277777777778
1778,0.448794185662372,0.9965277777777778
1779,0.4500330360092501,0.9965277777777778
1780,0.4500660720185002,0.9965277777777778
1781,0.4519326065411298,0.9965277777777778
1782,0.4519656425503799,0.9965277777777778
1783,0.45639246778989095,0.9965277777777778
1784,0.45642550379914104,0.9965277777777778
1785,0.4573339940535183,0.9965277777777778
1786,0.4573670300627684,0.9965277777777778
1787,0.4583581103402709,0.9965277777777778
1788,0.458391146349521,0.9965277777777778
1789,0.4607532210109019,0.9965277777777778
1790,0.46078625702015197,0.9965277777777778
1791,0.4608688470432772,0.9965277777777778
1792,0.4609018830525273,0.9965277777777778
1793,0.46182689131152954,0.9965277777777778
1794,0.46185992732077963,0.9965277777777778
1795,0.46202510736703006,0.9965277777777778
1796,0.46205814337628015,0.9965277777777778
1797,0.46417244796828544,0.9965277777777778
1798,0.4642054839775355,0.9965277777777778
1799,0.465609514370664,0.9965277777777778
1800,0.4656425503799141,0.9965277777777778
1801,0.46570862239841426,0.9965277777777778
1802,0.46570862239841426,0.9972222222222222
1803,0.4682358771060456,0.9972222222222222
1804,0.46826891311529567,0.9972222222222222
1805,0.46998678559629997,0.9972222222222222
1806,0.47001982160555006,0.9972222222222222
1807,0.4720350181698051,0.9972222222222222
1808,0.4720680541790552,0.9972222222222222
1809,0.4727287743640568,0.9972222222222222
1810,0.4727618103733069,0.9972222222222222
1811,0.4733564585398084,0.9972222222222222
1812,0.4733894945490585,0.9972222222222222
1813,0.4744466468450611,0.9972222222222222
1814,0.4744796828543112,0.9972222222222222
1815,0.4770730095804427,0.9972222222222222
1816,0.4771060455896928,0.9972222222222222
1817,0.478394449950446,0.9972222222222222
1818,0.4784274859596961,0.9972222222222222
1819,0.47928642220019824,0.9972222222222222
1820,0.4793194582094483,0.9972222222222222
1821,0.47946812025107366,0.9972222222222222
1822,0.47950115626032375,0.9972222222222222
1823,0.47953419226957383,0.9972222222222222
1824,0.47953419226957383,0.9979166666666667
1825,0.48113643871820283,0.9979166666666667
1826,0.4811694747274529,0.9979166666666667
1827,0.4835315493888338,0.9979166666666667
1828,0.4835645853980839,0.9979166666666667
1829,0.48498513379583746,0.9979166666666667
1830,0.48501816980508755,0.9979166666666667
1831,0.485612817971589,0.9979166666666667
1832,0.4856458539808391,0.9979166666666667
1833,0.4890155269243475,0.9979166666666667
1834,0.4890485629335976,0.9979166666666667
1835,0.4912454575487281,0.9979166666666667
1836,0.4912784935579782,0.9979166666666667
1837,0.49132804757185333,0.9979166666666667
1838,0.4913610835811034,0.9979166666666667
1839,0.49174099768747936,0.9979166666666667
1840,0.49177403369672945,0.9979166666666667
1841,0.4946812025107367,0.9979166666666667
1842,0.4947142385199868,0.9979166666666667
1843,0.498397753551371,0.9979166666666667
1844,0.4984638255698712,0.9979166666666667
1845,0.4984803435744962,0.9979166666666667
1846,0.4985133795837463,0.9979166666666667
1847,0.49973571192599936,0.9979166666666667
1848,0.49976874793524945,0.9979166666666667
1849,0.5051370994383878,0.9979166666666667
1850,0.5051370994383878,0.9986111111111111
1851,0.5063098777667657,0.9986111111111111
1852,0.5063429137760158,0.9986111111111111
1853,0.5077139081598943,0.9986111111111111
1854,0.5077469441691443,0.9986111111111111
1855,0.510009910802775,0.9986111111111111
1856,0.5100429468120251,0.9986111111111111
1857,0.5113478691774034,0.9986111111111111
1858,0.5113809051866535,0.9986111111111111
1859,0.5148992401717872,0.9986111111111111
1860,0.5149322761810373,0.9986111111111111
1861,0.5151800462504129,0.9986111111111111
1862,0.5151800462504129,0.9993055555555556
1863,0.5170796167822928,0.9993055555555556
1864,0.5171126527915427,0.9993055555555556
1865,0.5184506111661711,0.9993055555555556
1866,0.5184836471754212,0.9993055555555556
1867,0.518814007267922,0.9993055555555556
1868,0.5188470432771721,0.9993055555555556
1869,0.5190617773372976,0.9993055555555556
1870,0.5190948133465477,0.9993055555555556
1871,0.5201850016518005,0.9993055555555556
1872,0.5202180376610506,0.9993055555555556
1873,0.5230921704658077,0.9993055555555556
1874,0.5231252064750578,0.9993055555555556
1875,0.5234060125536835,0.9993055555555556
1876,0.5234390485629336,0.9993055555555556
1877,0.5249091509745623,0.9993055555555556
1878,0.5249421869838123,0.9993055555555556
1879,0.5255037991410637,0.9993055555555556
1880,0.5255368351503138,0.9993055555555556
1881,0.5265279154278163,0.9993055555555556
1882,0.5265609514370664,0.9993055555555556
1883,0.5274694416914437,0.9993055555555556
1884,0.5275024777006938,0.9993055555555556
1885,0.527618103733069,0.9993055555555556
1886,0.5276511397423191,0.9993055555555556
1887,0.5291047241493227,0.9993055555555556
1888,0.5291377601585728,0.9993055555555556
1889,0.5304922365378262,0.9993055555555556
1890,0.5305252725470763,0.9993055555555556
1891,0.5326891311529567,0.9993055555555556
1892,0.5327221671622068,0.9993055555555556
1893,0.5379418566237198,0.9993055555555556
1894,0.5379748926329699,0.9993055555555556
1895,0.5379914106375949,0.9993055555555556
1896,0.538024446646845,0.9993055555555556
1897,0.5380905186653452,0.9993055555555556
1898,0.5381235546745953,0.9993055555555556
1899,0.5417740336967294,0.9993055555555556
1900,0.5418070697059795,0.9993055555555556
1901,0.542781631978857,0.9993055555555556
1902,0.5428146679881071,0.9993055555555556
1903,0.5435414601916089,0.9993055555555556
1904,0.543574496200859,0.9993055555555556
1905,0.5501651800462504,0.9993055555555556
1906,0.5501982160555005,0.9993055555555556
1907,0.5509084902543773,0.9993055555555556
1908,0.5509415262636274,0.9993055555555556
1909,0.5554674595308887,0.9993055555555556
1910,0.5555004955401388,0.9993055555555556
1911,0.5574991740997688,0.9993055555555556
1912,0.5575322101090189,0.9993055555555556
1913,0.5583415923356458,0.9993055555555556
1914,0.5583746283448959,0.9993055555555556
1915,0.5587545424512719,0.9993055555555556
1916,0.558787578460522,0.9993055555555556
1917,0.5589362405021473,0.9993055555555556
1918,0.5589692765113974,0.9993055555555556
1919,0.5622563594317807,0.9993055555555556
1920,0.5622893954410307,0.9993055555555556
1921,0.563181367690783,0.9993055555555556
1922,0.5632144037000331,0.9993055555555556
1923,0.5640403039312851,0.9993055555555556
1924,0.5640733399405352,0.9993055555555556
1925,0.5647340601255368,0.9993055555555556
1926,0.5647670961347869,0.9993055555555556
1927,0.5708292038321771,0.9993055555555556
1928,0.5708622398414271,0.9993055555555556
1929,0.572001982160555,0.9993055555555556
1930,0.5720350181698051,0.9993055555555556
1931,0.5738685166831847,0.9993055555555556
1932,0.5738685166831847,1.0
1933,0.5769904195573174,1.0
1934,0.5770234555665675,1.0
1935,0.5777172117608192,1.0
1936,0.5777502477700693,1.0
1937,0.5784605219689462,1.0
1938,0.5784935579781962,1.0
1939,0.5813511727783284,1.0
1940,0.5813842087875785,1.0
1941,0.5817145688800793,1.0
1942,0.5817476048893294,1.0
1943,0.583581103402709,1.0
1944,0.583614139411959,1.0
1945,0.5837297654443343,1.0
1946,0.5837628014535844,1.0
1947,0.5840270895275851,1.0
1948,0.5840601255368352,1.0
1949,0.5873141724479682,1.0
1950,0.5873472084572183,1.0
1951,0.5884539147670962,1.0
1952,0.5884869507763462,1.0
1953,0.5888503468780971,1.0
1954,0.5888833828873472,1.0
1955,0.5923521638586059,1.0
1956,0.592385199867856,1.0
1957,0.5950280806078626,1.0
1958,0.5950611166171127,1.0
1959,0.5954410307234886,1.0
1960,0.5954740667327387,1.0
1961,0.5969111331351172,1.0
1962,0.5969441691443673,1.0
1963,0.5975388173108689,1.0
1964,0.597571853320119,1.0
1965,0.5983316815328709,1.0
1966,0.598364717542121,1.0
1967,0.5986124876114965,1.0
1968,0.5986455236207466,1.0
1969,0.5988602576808721,1.0
1970,0.5988932936901222,1.0
1971,0.6019326065411298,1.0
1972,0.6019656425503799,1.0
1973,0.6023290386521308,1.0
1974,0.6023620746613809,1.0
1975,0.605583085563264,1.0
1976,0.605616121572514,1.0
1977,0.6070531879748926,1.0
1978,0.6070862239841427,1.0
1979,0.6076313181367691,1.0
1980,0.6076643541460192,1.0
1981,0.6082920383217707,1.0
1982,0.6083250743310208,1.0
1983,0.6101750908490254,1.0
1984,0.6102081268582755,1.0
1985,0.6107532210109019,1.0
1986,0.610786257020152,1.0
1987,0.6109349190617773,1.0
1988,0.6109679550710274,1.0
1989,0.6117112652791543,1.0
1990,0.6117443012884044,1.0
1991,0.6119425173439048,1.0
1992,0.6119755533531549,1.0
1993,0.6121076973901552,1.0
1994,0.6121407333994053,1.0
1995,0.6122068054179055,1.0
1996,0.6122398414271556,1.0
1997,0.6129335976214073,1.0
1998,0.6129666336306574,1.0
1999,0.6131648496861579,1.0
2000,0.613197885695408,1.0
2001,0.6154938883382888,1.0
2002,0.6155269243475389,1.0
2003,0.615972910472415,1.0
2004,0.6160059464816651,1.0
2005,0.6162867525602908,1.0
2006,0.6163197885695408,1.0
2007,0.6166171126527915,1.0
2008,0.6166501486620416,1.0
2009,0.6200693756194252,1.0
2010,0.6201024116286753,1.0
2011,0.6212586719524281,1.0
2012,0.6212917079616782,1.0
2013,0.6221176081929303,1.0
2014,0.6221506442021804,1.0
2015,0.6226792203501818,1.0
2016,0.6227122563594317,1.0
2017,0.6235051205814338,1.0
2018,0.6235381565906839,1.0
2019,0.6239015526924347,1.0
2020,0.6239345887016848,1.0
2021,0.6240336967294351,1.0
2022,0.6240667327386852,1.0
2023,0.6241493227618103,1.0
2024,0.6241823587710604,1.0
2025,0.6250247770069376,1.0
2026,0.6250578130161877,1.0
2027,0.6265774694416915,1.0
2028,0.6266105054509415,1.0
2029,0.6272877436405683,1.0
2030,0.6273207796498182,1.0
2031,0.627568549719194,1.0
2032,0.627601585728444,1.0
2033,0.6298315163528245,1.0
2034,0.6298645523620746,1.0
2035,0.629996696399075,1.0
2036,0.630029732408325,1.0
2037,0.6325735051205814,1.0
2038,0.6326065411298315,1.0
2039,0.6326230591344566,1.0
2040,0.6326560951437067,1.0
2041,0.6350016518004625,1.0
2042,0.6350346878097126,1.0
2043,0.6357119259993392,1.0
2044,0.6357449620085893,1.0
2045,0.6365873802444665,1.0
2046,0.6366204162537166,1.0
2047,0.6382556987115956,1.0
2048,0.6382887347208457,1.0
2049,0.6384539147670961,1.0
2050,0.6384869507763462,1.0
2051,0.638800792864222,1.0
2052,0.6388338288734721,1.0
2053,0.6390981169474728,1.0
2054,0.6391311529567228,1.0
2055,0.6408655434423521,1.0
2056,0.6408985794516022,1.0
2057,0.6415427816319789,1.0
2058,0.641575817641229,1.0
2059,0.6433432441361083,1.0
2060,0.6433762801453584,1.0
2061,0.6441526263627354,1.0
2062,0.6441856623719855,1.0
2063,0.6455401387512388,1.0
2064,0.6455731747604889,1.0
2065,0.6467294350842419,1.0
2066,0.6467624710934919,1.0
2067,0.6511892963330029,1.0
2068,0.651222332342253,1.0
2069,0.6520977865873803,1.0
2070,0.6521308225966304,1.0
2071,0.6556987115956392,1.0
2072,0.6557317476048893,1.0
2073,0.6561942517343905,1.0
2074,0.6562272877436406,1.0
2075,0.6583415923356458,1.0
2076,0.6583746283448959,1.0
2077,0.6594978526593988,1.0
2078,0.6595308886686488,1.0
2079,0.6598612487611496,1.0
2080,0.6598942847703997,1.0
2081,0.6605880409646515,1.0
2082,0.6606210769739016,1.0
2083,0.6607862570201519,1.0
2084,0.660819293029402,1.0
2085,0.6620416253716551,1.0
2086,0.6620746613809052,1.0
2087,0.6648331681532871,1.0
2088,0.6648662041625372,1.0
2089,0.6664684506111662,1.0
2090,0.6665014866204163,1.0
2091,0.6682193591014205,1.0
2092,0.6682523951106706,1.0
2093,0.668401057152296,1.0
2094,0.6684340931615461,1.0
2095,0.6702841096795507,1.0
2096,0.6703171456888007,1.0
2097,0.6730756524611827,1.0
2098,0.6731086884704328,1.0
2099,0.6750082590023125,1.0
2100,0.6750743310208127,1.0
2101,0.675586389164189,1.0
2102,0.6756194251734391,1.0
2103,0.6757846052196894,1.0
2104,0.6758176412289395,1.0
2105,0.6770399735711926,1.0
2106,0.6771060455896928,1.0
2107,0.6777337297654443,1.0
2108,0.6777667657746944,1.0
2109,0.6810538486950777,1.0
2110,0.6810868847043278,1.0
2111,0.6811694747274529,1.0
2112,0.681202510736703,1.0
2113,0.686389164188966,1.0
2114,0.6864222001982161,1.0
2115,0.6864552362074662,1.0
2116,0.6864882722167163,1.0
2117,0.6885530227948464,1.0
2118,0.6885860588040965,1.0
2119,0.6908325074331021,1.0
2120,0.6908655434423522,1.0
2121,0.6911628675256029,1.0
2122,0.6911959035348529,1.0
2123,0.6917079616782292,1.0
2124,0.6917409976874793,1.0
2125,0.6923191278493558,1.0
2126,0.6923521638586059,1.0
2127,0.6945490584737364,1.0
2128,0.6945820944829865,1.0
2129,0.6964816650148662,1.0
2130,0.6965147010241163,1.0
2131,0.6968780971258672,1.0
2132,0.6969111331351173,1.0
2133,0.6976874793524942,1.0
2134,0.6977205153617443,1.0
2135,0.6991080277502477,1.0
2136,0.6991410637594978,1.0
2137,0.6994383878427486,1.0
2138,0.6994714238519987,1.0
2139,0.7014535844070037,1.0
2140,0.7014866204162538,1.0
2141,0.7018004625041295,1.0
2142,0.7018334985133796,1.0
2143,0.7022629666336306,1.0
2144,0.7022960026428807,1.0
2145,0.7027089527585068,1.0
2146,0.7027419887677568,1.0
2147,0.7045754872811364,1.0
2148,0.7046085232903865,1.0
2149,0.7046250412950116,1.0
2150,0.7046580773042617,1.0
2151,0.7051370994383879,1.0
2152,0.705170135447638,1.0
2153,0.7063429137760159,1.0
2154,0.706375949785266,1.0
2155,0.7077469441691444,1.0
2156,0.7077799801783945,1.0
2157,0.7089527585067724,1.0
2158,0.7089857945160225,1.0
2159,0.7096795507102742,1.0
2160,0.7097125867195243,1.0
2161,0.7123224314502808,1.0
2162,0.7123554674595309,1.0
2163,0.7125371655104064,1.0
2164,0.7125702015196564,1.0
2165,0.7129170796167823,1.0
2166,0.7129501156260324,1.0
2167,0.719210439378923,1.0
2168,0.7192434753881731,1.0
2169,0.7208952758506773,1.0
2170,0.7209283118599273,1.0
2171,0.7214403700033036,1.0
2172,0.7214734060125537,1.0
2173,0.7233399405351834,1.0
2174,0.7233729765444334,1.0
2175,0.7252890650809383,1.0
2176,0.7253221010901884,1.0
2177,0.7254872811364387,1.0
2178,0.7255203171456888,1.0
2179,0.7263131813676907,1.0
2180,0.7263462173769408,1.0
2181,0.7267591674925669,1.0
2182,0.726792203501817,1.0
2183,0.7271390815989428,1.0
2184,0.7271721176081929,1.0
2185,0.7273538156590684,1.0
2186,0.7273868516683185,1.0
2187,0.7277667657746945,1.0
2188,0.7277998017839445,1.0
2189,0.728807400066072,1.0
2190,0.7288404360753221,1.0
2191,0.7290221341261975,1.0
2192,0.7290551701354476,1.0
2193,0.7302940204823257,1.0
2194,0.7303270564915758,1.0
2195,0.7304592005285762,1.0
2196,0.7304922365378262,1.0
2197,0.7306408985794516,1.0
2198,0.7306739345887017,1.0
2199,0.7306904525933268,1.0
2200,0.7307234886025769,1.0
2201,0.7313676907829534,1.0
2202,0.7314007267922035,1.0
2203,0.731598942847704,1.0
2204,0.7316319788569541,1.0
2205,0.7329203832177072,1.0
2206,0.7329534192269573,1.0
2207,0.733994053518335,1.0
2208,0.7340270895275851,1.0
2209,0.7345887016848365,1.0
2210,0.7346217376940866,1.0
2211,0.7376610505450941,1.0
2212,0.7376940865543442,1.0
2213,0.7391146349520978,1.0
2214,0.7391476709613479,1.0
2215,0.7426164519326065,1.0
2216,0.7426494879418566,1.0
2217,0.7432111000991081,1.0
2218,0.7432441361083582,1.0
2219,0.7453088866864883,1.0
2220,0.7453419226957384,1.0
2221,0.7466138090518666,1.0
2222,0.7466468450611167,1.0
2223,0.7489924017178725,1.0
2224,0.7490254377271226,1.0
2225,0.7505946481665015,1.0
2226,0.7506276841757515,1.0
2227,0.7555830855632639,1.0
2228,0.755616121572514,1.0
2229,0.7557317476048894,1.0
2230,0.7557647836141395,1.0
2231,0.7575652461182689,1.0
2232,0.757598282127519,1.0
2233,0.7581103402708953,1.0
2234,0.7581433762801454,1.0
2235,0.7609349190617773,1.0
2236,0.7609679550710274,1.0
2237,0.7622893954410307,1.0
2238,0.7623224314502808,1.0
2239,0.7641724479682854,1.0
2240,0.7642054839775355,1.0
2241,0.7648992401717872,1.0
2242,0.7649322761810373,1.0
2243,0.7650313842087876,1.0
2244,0.7650644202180377,1.0
2245,0.7658738024446646,1.0
2246,0.7659068384539147,1.0
2247,0.7678559629996696,1.0
2248,0.7679220350181698,1.0
2249,0.7680541790551701,1.0
2250,0.7680872150644202,1.0
2251,0.7746613809051867,1.0
2252,0.7746944169144367,1.0
2253,0.7754872811364387,1.0
2254,0.7755203171456888,1.0
2255,0.7762471093491906,1.0
2256,0.7762801453584407,1.0
2257,0.7764618434093161,1.0
2258,0.7765279154278163,1.0
2259,0.7793524942186983,1.0
2260,0.7793855302279484,1.0
2261,0.7802444664684506,1.0
2262,0.7802775024777007,1.0
2263,0.7818962669309547,1.0
2264,0.7819293029402048,1.0
2265,0.7830690452593326,1.0
2266,0.7831020812685827,1.0
2267,0.7836802114304592,1.0
2268,0.7837132474397093,1.0
2269,0.7854806739345886,1.0
2270,0.7855137099438387,1.0
2271,0.7866864882722168,1.0
2272,0.7867195242814669,1.0
2273,0.7868681863230922,1.0
2274,0.7869012223323423,1.0
2275,0.788387842748596,1.0
2276,0.788420878757846,1.0
2277,0.788817310868847,1.0
2278,0.7888503468780971,1.0
2279,0.7897588371324744,1.0
2280,0.7897918731417245,1.0
2281,0.790386521308226,1.0
2282,0.790419557317476,1.0
2283,0.7940535183349852,1.0
2284,0.7940865543442353,1.0
2285,0.7963495209778658,1.0
2286,0.7963825569871159,1.0
2287,0.7976709613478692,1.0
2288,0.7977039973571193,1.0
2289,0.7985133795837462,1.0
2290,0.7985464155929963,1.0
2291,0.7990915097456227,1.0
2292,0.7991245457548728,1.0
2293,0.799174099768748,1.0
2294,0.7992071357779981,1.0
2295,0.8004790221341263,1.0
2296,0.8005120581433762,1.0
2297,0.801189296333003,1.0
2298,0.801222332342253,1.0
2299,0.8017013544763792,1.0
2300,0.8017343904856293,1.0
2301,0.8025272547076313,1.0
2302,0.8025602907168814,1.0
2303,0.8081268582755203,1.0
2304,0.8081598942847704,1.0
2305,0.8097621407333994,1.0
2306,0.8097951767426494,1.0
2307,0.8106871489924017,1.0
2308,0.8107201850016518,1.0
2309,0.8122398414271556,1.0
2310,0.8122728774364056,1.0
2311,0.8130657416584076,1.0
2312,0.8130987776676577,1.0
2313,0.8155104063429138,1.0
2314,0.8155434423521638,1.0
2315,0.8167657746944169,1.0
2316,0.816798810703667,1.0
2317,0.8180376610505451,1.0
2318,0.8180706970597952,1.0
2319,0.8183019491245458,1.0
2320,0.8183349851337959,1.0
2321,0.818368021143046,1.0
2322,0.818401057152296,1.0
2323,0.8257846052196894,1.0
2324,0.8258176412289395,1.0
2325,0.8258341592335646,1.0
2326,0.8258671952428147,1.0
2327,0.8270069375619425,1.0
2328,0.8270399735711926,1.0
2329,0.8302114304592005,1.0
2330,0.8302444664684506,1.0
2331,0.833217707300958,1.0
2332,0.8332507433102081,1.0
2333,0.833630657416584,1.0
2334,0.8336967294350842,1.0
2335,0.8356788899900892,1.0
2336,0.8357119259993393,1.0
2337,0.8365213082259663,1.0
2338,0.8365543442352164,1.0
2339,0.8426660059464817,1.0
2340,0.8426990419557318,1.0
2341,0.8442517343904856,1.0
2342,0.8442847703997357,1.0
2343,0.8448959365708623,1.0
2344,0.8449289725801123,1.0
2345,0.8475222993062438,1.0
2346,0.8475553353154939,1.0
2347,0.851205814337628,1.0
2348,0.8512388503468781,1.0
2349,0.8514535844070036,1.0
2350,0.8514866204162537,1.0
2351,0.8524777006937562,1.0
2352,0.8525107367030063,1.0
2353,0.85596299966964,1.0
2354,0.85599603567889,1.0
2355,0.8560621076973901,1.0
2356,0.8560951437066402,1.0
2357,0.8583085563263958,1.0
2358,0.8583415923356459,1.0
2359,0.8593987446316484,1.0
2360,0.8594317806408985,1.0
2361,0.8604724149322762,1.0
2362,0.8605054509415263,1.0
2363,0.8623389494549059,1.0
2364,0.8623719854641559,1.0
2365,0.8630657416584077,1.0
2366,0.8630987776676577,1.0
2367,0.8641228939544103,1.0
2368,0.8641559299636604,1.0
2369,0.8686157912124215,1.0
2370,0.8686488272216716,1.0
2371,0.8692930294020482,1.0
2372,0.8693260654112983,1.0
2373,0.8738685166831847,1.0
2374,0.8739015526924347,1.0
2375,0.8741658407664354,1.0
2376,0.8741988767756855,1.0
2377,0.8743145028080608,1.0
2378,0.8743475388173109,1.0
2379,0.874380574826561,1.0
2380,0.874413610835811,1.0
2381,0.8757185332011893,1.0
2382,0.8757515692104394,1.0
2383,0.8762636273538157,1.0
2384,0.8762966633630658,1.0
2385,0.8773703336636934,1.0
2386,0.8774033696729435,1.0
2387,0.8805417905517013,1.0
2388,0.8805748265609514,1.0
2389,0.883201189296333,1.0
2390,0.883234225305583,1.0
2391,0.8841427155599604,1.0
2392,0.8841757515692105,1.0
2393,0.8851172778328378,1.0
2394,0.8851503138420879,1.0
2395,0.8882887347208457,1.0
2396,0.8883217707300958,1.0
2397,0.8910142054839776,1.0
2398,0.8910472414932277,1.0
2399,0.8910637594978527,1.0
2400,0.8910967955071027,1.0
2401,0.8921539478031054,1.0
2402,0.8921869838123555,1.0
2403,0.8927155599603568,1.0
2404,0.8927485959696069,1.0
2405,0.8955071027419887,1.0
2406,0.8955401387512388,1.0
2407,0.8966633630657417,1.0
2408,0.8966963990749918,1.0
2409,0.8977700693756194,1.0
2410,0.8978031053848695,1.0
2411,0.8982325735051205,1.0
2412,0.8982656095143706,1.0
2413,0.9010406342913776,1.0
2414,0.9010736703006277,1.0
2415,0.9023455566567559,1.0
2416,0.902378592666006,1.0
2417,0.9053353154938883,1.0
2418,0.9053683515031384,1.0
2419,0.9072514040303932,1.0
2420,0.9072844400396433,1.0
2421,0.9090518665345226,1.0
2422,0.9090849025437727,1.0
2423,0.9110340270895276,1.0
2424,0.9110670630987777,1.0
2425,0.9113478691774034,1.0
2426,0.9113809051866535,1.0
2427,0.9117938553022795,1.0
2428,0.9118268913115296,1.0
2429,0.9153287082920383,1.0
2430,0.9153617443012884,1.0
2431,0.9160389824909151,1.0
2432,0.9160720185001652,1.0
2433,0.916782292699042,1.0
2434,0.9168153287082921,1.0
2435,0.9207466138090519,1.0
2436,0.920779649818302,1.0
2437,0.9210934919061777,1.0
2438,0.9211265279154278,1.0
2439,0.9212751899570532,1.0
2440,0.9213082259663032,1.0
2441,0.9224644862900562,1.0
2442,0.9224975222993063,1.0
2443,0.9249091509745623,1.0
2444,0.9249421869838124,1.0
2445,0.9267756854971919,1.0
2446,0.926808721506442,1.0
2447,0.9268582755203172,1.0
2448,0.9268913115295673,1.0
2449,0.9279814998348199,1.0
2450,0.92801453584407,1.0
2451,0.9282623059134456,1.0
2452,0.9282953419226957,1.0
2453,0.9318632309217046,1.0
2454,0.9318962669309547,1.0
2455,0.9319458209448299,1.0
2456,0.9319788569540799,1.0
2457,0.9334324413610836,1.0
2458,0.9334654773703337,1.0
2459,0.934819953749587,1.0
2460,0.9348529897588371,1.0
2461,0.9391311529567228,1.0
2462,0.9391641889659729,1.0
2463,0.9400561612157251,1.0
2464,0.9400891972249752,1.0
2465,0.9402378592666006,1.0
2466,0.9402708952758507,1.0
2467,0.9438222662702346,1.0
2468,0.9438553022794847,1.0
2469,0.9446812025107367,1.0
2470,0.9447142385199868,1.0
2471,0.9470597951767427,1.0
2472,0.9470928311859927,1.0
2473,0.9471754212091179,1.0
2474,0.947208457218368,1.0
2475,0.949983481995375,1.0
2476,0.950016518004625,1.0
2477,0.9527254707631319,1.0
2478,0.9527585067723819,1.0
2479,0.9528245787908821,1.0
2480,0.9528576148001321,1.0
2481,0.9531549388833829,1.0
2482,0.953187974892633,1.0
2483,0.9532870829203832,1.0
2484,0.9533201189296333,1.0
2485,0.9566732738685166,1.0
2486,0.9567063098777667,1.0
2487,0.9574331020812685,1.0
2488,0.9574661380905186,1.0
2489,0.9615460852329039,1.0
2490,0.961579121242154,1.0
2491,0.9623389494549058,1.0
2492,0.9623719854641559,1.0
2493,0.9638586058804096,1.0
2494,0.9638916418896597,1.0
2495,0.9684836471754212,1.0
2496,0.9685166831846713,1.0
2497,0.9689626693095474,1.0
2498,0.9689957053187975,1.0
2499,0.969226957383548,1.0
2500,0.9692599933927981,1.0
2501,0.9698546415592997,1.0
2502,0.9698876775685498,1.0
2503,0.9706475057813017,1.0
2504,0.9706805417905517,1.0
2505,0.9719193921374298,1.0
2506,0.9719524281466799,1.0
2507,0.9754707631318137,1.0
2508,0.9755037991410638,1.0
2509,0.9757350512058144,1.0
2510,0.9757680872150645,1.0
2511,0.977998017839445,1.0
2512,0.978031053848695,1.0
2513,0.9781136438718203,1.0
2514,0.9781466798810704,1.0
2515,0.9789560621076974,1.0
2516,0.9789890981169475,1.0
2517,0.9802279484638255,1.0
2518,0.9802609844730756,1.0
2519,0.9803435744962009,1.0
2520,0.980376610505451,1.0
2521,0.9822761810373307,1.0
2522,0.9823092170465808,1.0
2523,0.9825239511067063,1.0
2524,0.9825569871159564,1.0
2525,0.9851668318467129,1.0
2526,0.985199867855963,1.0
2527,0.9870333663693426,1.0
2528,0.9870664023785927,1.0
2529,0.9871489924017178,1.0
2530,0.9871820284109679,1.0
2531,0.988833828873472,1.0
2532,0.9888668648827221,1.0
2533,0.9897092831185993,1.0
2534,0.9897423191278494,1.0
2535,0.9914436736042286,1.0
2536,0.9914767096134787,1.0
2537,0.9927485959696069,1.0
2538,0.9927816319788569,1.0
2539,0.9929302940204823,1.0
2540,0.9929633300297324,1.0
2541,0.9946977205153618,1.0
2542,0.9947307565246118,1.0
2543,0.9955566567558639,1.0
2544,0.995589692765114,1.0
2545,0.9975718533201189,1.0
2546,0.997604889329369,1.0
2547,1.0,1.0
